时间戳,开盘价,最高价,最低价,收盘价,成交量,time
1553731200000,90.0,98.89,88.0,95.74,2319.41987,2019-03-28 08:00:00
1553817600000,95.74,98.19,94.91,98.13,3565.30155,2019-03-29 08:00:00
1553904000000,98.3,101.0,95.5,100.78,3540.27743,2019-03-30 08:00:00
1553990400000,100.58,110.89,99.61,110.7,11668.43675,2019-03-31 08:00:00
1554076800000,110.5,120.06,107.71,112.97,16508.93631,2019-04-01 08:00:00
1554163200000,113.28,125.84,111.03,123.69,15379.30754,2019-04-02 08:00:00
1554249600000,123.5,139.1,118.38,123.43,26058.20443,2019-04-03 08:00:00
1554336000000,123.78,131.65,119.02,122.87,8434.43214,2019-04-04 08:00:00
1554422400000,122.87,134.24,122.87,132.78,5803.26085,2019-04-05 08:00:00
1554508800000,132.84,137.83,128.01,130.93,4302.73303,2019-04-06 08:00:00
1554595200000,130.55,135.33,130.11,135.11,4221.6208,2019-04-07 08:00:00
1554681600000,135.17,137.85,128.67,135.3,5806.88245,2019-04-08 08:00:00
1554768000000,135.2,135.52,128.84,131.4,3535.66865,2019-04-09 08:00:00
1554854400000,131.32,133.38,126.43,129.74,4500.68937,2019-04-10 08:00:00
1554940800000,129.73,129.84,113.2,122.3,7797.38187,2019-04-11 08:00:00
1555027200000,122.3,123.03,114.98,118.93,4715.41854,2019-04-12 08:00:00
1555113600000,118.72,119.84,117.11,119.1,1390.26356,2019-04-13 08:00:00
1555200000000,119.1,123.16,117.88,122.57,1796.90255,2019-04-14 08:00:00
1555286400000,122.57,123.78,115.04,118.56,2777.43757,2019-04-15 08:00:00
1555372800000,118.48,131.0,115.54,120.61,5110.50898,2019-04-16 08:00:00
1555459200000,120.5,122.33,118.44,120.08,2189.18509,2019-04-17 08:00:00
1555545600000,119.94,125.59,119.7,123.52,5542.19338,2019-04-18 08:00:00
1555632000000,123.54,123.82,119.45,122.11,3781.2912,2019-04-19 08:00:00
1555718400000,121.87,124.47,121.3,123.1,1741.75754,2019-04-20 08:00:00
1555804800000,123.27,123.72,117.22,121.19,3007.97153,2019-04-21 08:00:00
1555891200000,121.22,122.88,118.75,121.65,1540.87078,2019-04-22 08:00:00
1555977600000,122.15,125.38,117.05,117.05,1997.62099,2019-04-23 08:00:00
1556064000000,117.0,120.28,110.8,115.02,5968.04325,2019-04-24 08:00:00
1556150400000,115.45,118.0,106.91,108.89,4092.0347,2019-04-25 08:00:00
1556236800000,108.89,114.33,106.38,110.27,3136.99664,2019-04-26 08:00:00
1556323200000,110.27,111.43,108.76,110.01,1345.45349,2019-04-27 08:00:00
1556409600000,110.01,111.48,108.88,110.73,1248.18569,2019-04-28 08:00:00
1556496000000,110.72,111.5,106.77,107.72,3402.18252,2019-04-29 08:00:00
1556582400000,107.72,111.71,106.93,110.98,1939.30731,2019-04-30 08:00:00
1556668800000,111.04,119.41,110.98,116.47,3771.25114,2019-05-01 08:00:00
1556755200000,116.95,118.9,114.9,117.13,5429.53051,2019-05-02 08:00:00
1556841600000,116.41,121.57,115.65,120.71,5222.10447,2019-05-03 08:00:00
1556928000000,121.09,123.91,116.58,120.22,5075.30245,2019-05-04 08:00:00
1557014400000,120.22,120.83,117.83,118.63,1224.0613,2019-05-05 08:00:00
1557100800000,118.51,122.36,116.26,120.53,2218.44901,2019-05-06 08:00:00
1557187200000,120.93,123.29,116.58,117.11,2895.70941,2019-05-07 08:00:00
1557273600000,116.88,118.71,115.0,117.69,1182.87689,2019-05-08 08:00:00
1557360000000,117.6,118.81,110.26,112.3,3298.32922,2019-05-09 08:00:00
1557446400000,112.37,115.94,111.09,112.92,2560.82801,2019-05-10 08:00:00
1557532800000,112.92,126.3,111.77,122.83,7220.10121,2019-05-11 08:00:00
1557619200000,122.82,127.96,117.13,125.22,6405.02757,2019-05-12 08:00:00
1557705600000,125.22,136.38,124.23,130.51,9325.59123,2019-05-13 08:00:00
1557792000000,131.15,142.91,130.53,141.67,9125.49018,2019-05-14 08:00:00
1557878400000,141.67,155.46,140.77,154.14,9394.9463,2019-05-15 08:00:00
1557964800000,154.07,164.11,143.65,149.03,10560.85745,2019-05-16 08:00:00
1558051200000,149.03,150.06,126.97,139.49,11499.03441,2019-05-17 08:00:00
1558137600000,139.45,144.28,134.05,141.03,6740.10967,2019-05-18 08:00:00
1558224000000,140.54,176.74,140.24,172.14,13297.90897,2019-05-19 08:00:00
1558310400000,172.23,176.0,155.96,166.45,18171.7103,2019-05-20 08:00:00
1558396800000,166.39,168.99,159.03,165.71,11959.54869,2019-05-21 08:00:00
1558483200000,165.72,167.97,150.99,153.87,6338.88425,2019-05-22 08:00:00
1558569600000,153.87,156.14,145.61,154.06,7676.26041,2019-05-23 08:00:00
1558656000000,154.02,162.31,153.12,155.8,5761.6354,2019-05-24 08:00:00
1558742400000,155.8,160.19,153.02,156.02,2900.30815,2019-05-25 08:00:00
1558828800000,155.59,164.35,151.47,161.96,3384.98718,2019-05-26 08:00:00
1558915200000,161.67,169.86,160.95,165.79,7262.0323,2019-05-27 08:00:00
1559001600000,165.48,173.5,162.28,169.66,7023.78358,2019-05-28 08:00:00
1559088000000,169.17,175.15,160.44,168.27,5002.51712,2019-05-29 08:00:00
1559174400000,167.92,175.78,156.06,162.92,9088.32604,2019-05-30 08:00:00
1559260800000,163.0,166.36,157.01,165.99,4782.43585,2019-05-31 08:00:00
1559347200000,165.97,167.3,161.22,163.0,3160.6439,2019-06-01 08:00:00
1559433600000,163.0,167.76,161.8,165.09,3017.61798,2019-06-02 08:00:00
1559520000000,165.36,165.36,153.15,155.22,5019.09703,2019-06-03 08:00:00
1559606400000,155.12,160.34,130.0,143.83,8368.35424,2019-06-04 08:00:00
1559692800000,143.82,148.93,142.08,146.96,4328.75419,2019-06-05 08:00:00
1559779200000,146.65,149.22,138.36,143.18,4018.37758,2019-06-06 08:00:00
1559865600000,143.36,152.16,141.39,149.45,8526.29948,2019-06-07 08:00:00
1559952000000,148.45,150.01,142.63,144.94,1977.25395,2019-06-08 08:00:00
1560038400000,144.94,146.36,139.16,141.99,2899.99153,2019-06-09 08:00:00
1560124800000,141.68,151.33,140.23,150.17,7000.84822,2019-06-10 08:00:00
1560211200000,150.52,150.83,143.21,147.21,4293.71747,2019-06-11 08:00:00
1560297600000,147.21,158.1,146.02,155.83,3795.04067,2019-06-12 08:00:00
1560384000000,155.83,159.21,152.78,153.01,8330.87894,2019-06-13 08:00:00
1560470400000,153.4,155.62,149.1,153.72,4188.78863,2019-06-14 08:00:00
1560556800000,153.19,156.08,151.57,154.22,3520.28829,2019-06-15 08:00:00
1560643200000,154.22,160.74,153.73,155.81,5088.12129,2019-06-16 08:00:00
1560729600000,156.25,160.3,155.1,158.66,3584.33472,2019-06-17 08:00:00
1560816000000,158.73,166.53,154.2,158.45,10425.44394,2019-06-18 08:00:00
1560902400000,158.25,162.14,157.55,161.81,3588.14692,2019-06-19 08:00:00
1560988800000,161.81,162.68,157.65,161.75,3916.66476,2019-06-20 08:00:00
1561075200000,161.76,167.83,160.85,167.16,5450.81281,2019-06-21 08:00:00
1561161600000,166.83,180.58,164.35,176.9,10524.6524,2019-06-22 08:00:00
1561248000000,176.9,181.16,171.09,174.3,5491.41482,2019-06-23 08:00:00
1561334400000,174.3,179.83,171.5,176.33,4580.36162,2019-06-24 08:00:00
1561420800000,176.38,180.72,174.7,178.38,5141.08009,2019-06-25 08:00:00
1561507200000,178.66,189.54,165.15,175.41,13965.18603,2019-06-26 08:00:00
1561593600000,175.28,177.44,150.16,158.73,9148.71872,2019-06-27 08:00:00
1561680000000,158.05,171.28,155.69,170.83,4156.39921,2019-06-28 08:00:00
1561766400000,170.83,171.59,162.94,169.17,3664.2137,2019-06-29 08:00:00
1561852800000,169.17,171.54,154.0,157.31,4784.82595,2019-06-30 08:00:00
1561939200000,157.18,162.72,147.11,154.76,4960.25724,2019-07-01 08:00:00
1562025600000,155.23,156.03,145.92,151.98,6312.19634,2019-07-02 08:00:00
1562112000000,152.19,158.05,152.19,157.8,3075.4021,2019-07-03 08:00:00
1562198400000,157.45,161.89,153.87,155.26,4095.88431,2019-07-04 08:00:00
1562284800000,155.26,155.91,151.35,154.14,1806.75328,2019-07-05 08:00:00
1562371200000,154.2,157.92,153.17,154.35,2077.25097,2019-07-06 08:00:00
1562457600000,154.42,158.96,152.69,157.52,1989.45301,2019-07-07 08:00:00
1562544000000,157.52,159.62,155.77,158.78,3817.66417,2019-07-08 08:00:00
1562630400000,159.33,162.31,152.56,156.0,4318.3577,2019-07-09 08:00:00
1562716800000,156.46,157.78,142.88,150.66,3880.09517,2019-07-10 08:00:00
1562803200000,150.62,150.86,135.46,143.42,4280.22827,2019-07-11 08:00:00
1562889600000,143.36,148.72,141.16,143.01,3444.19223,2019-07-12 08:00:00
1562976000000,143.0,143.99,136.73,140.56,4405.24163,2019-07-13 08:00:00
1563062400000,140.41,140.98,122.11,123.01,4077.87356,2019-07-14 08:00:00
1563148800000,122.64,124.74,116.91,120.92,5634.42758,2019-07-15 08:00:00
1563235200000,120.65,123.92,98.62,99.62,8900.93703,2019-07-16 08:00:00
1563321600000,100.04,107.29,95.3,102.26,9741.40425,2019-07-17 08:00:00
1563408000000,102.13,111.79,99.04,109.98,11844.014,2019-07-18 08:00:00
1563494400000,110.02,113.7,106.52,112.35,5475.21229,2019-07-19 08:00:00
1563580800000,112.38,120.31,112.24,116.19,4421.81728,2019-07-20 08:00:00
1563667200000,116.1,119.25,115.55,118.32,2571.45455,2019-07-21 08:00:00
1563753600000,118.65,119.32,112.2,114.59,3839.333,2019-07-22 08:00:00
1563840000000,114.37,114.7,108.83,109.1,3679.03741,2019-07-23 08:00:00
1563926400000,109.21,111.44,106.82,109.82,2466.96338,2019-07-24 08:00:00
1564012800000,109.38,116.16,108.99,114.65,4319.9603,2019-07-25 08:00:00
1564099200000,114.82,115.48,111.74,115.13,2707.09692,2019-07-26 08:00:00
1564185600000,114.52,116.72,108.57,110.75,2887.35687,2019-07-27 08:00:00
1564272000000,110.48,112.14,102.76,107.86,2386.5062,2019-07-28 08:00:00
1564358400000,107.95,109.63,104.26,105.78,3695.04834,2019-07-29 08:00:00
1564444800000,105.57,107.74,103.86,104.83,2843.07719,2019-07-30 08:00:00
1564531200000,104.85,108.88,103.5,108.67,4724.74833,2019-07-31 08:00:00
1564617600000,108.76,109.05,104.72,106.54,2552.71605,2019-08-01 08:00:00
1564704000000,106.57,109.24,103.97,104.83,3768.54766,2019-08-02 08:00:00
1564790400000,104.89,108.05,104.89,106.58,2813.24026,2019-08-03 08:00:00
1564876800000,106.55,107.32,102.89,106.1,2818.19994,2019-08-04 08:00:00
1564963200000,106.1,112.65,106.1,110.28,5050.81911,2019-08-05 08:00:00
1565049600000,110.11,111.58,103.94,106.58,5539.98225,2019-08-06 08:00:00
1565136000000,106.53,110.82,105.57,107.38,3475.93505,2019-08-07 08:00:00
1565222400000,107.38,107.83,103.84,105.96,1817.40278,2019-08-08 08:00:00
1565308800000,105.95,105.95,102.61,103.52,2016.42595,2019-08-09 08:00:00
1565395200000,103.79,104.39,97.41,99.29,4229.50688,2019-08-10 08:00:00
1565481600000,98.99,108.48,98.98,106.53,7426.2346,2019-08-11 08:00:00
1565568000000,106.53,106.83,102.16,104.45,2555.35503,2019-08-12 08:00:00
1565654400000,104.41,107.86,100.65,101.42,7584.14107,2019-08-13 08:00:00
1565740800000,101.45,102.69,94.91,95.99,4283.65281,2019-08-14 08:00:00
1565827200000,96.05,97.41,92.88,94.75,2323.36057,2019-08-15 08:00:00
1565913600000,94.63,95.25,91.14,93.15,2778.14205,2019-08-16 08:00:00
1566000000000,93.08,93.47,90.66,91.63,2097.78295,2019-08-17 08:00:00
1566086400000,91.82,96.6,91.25,94.78,2757.71078,2019-08-18 08:00:00
1566172800000,94.56,97.5,93.8,97.14,2591.54043,2019-08-19 08:00:00
1566259200000,97.42,97.42,93.19,93.5,2734.06704,2019-08-20 08:00:00
1566345600000,93.49,93.68,87.11,90.16,4477.61215,2019-08-21 08:00:00
1566432000000,90.15,92.18,88.0,90.84,2229.25403,2019-08-22 08:00:00
1566518400000,90.77,96.42,90.01,93.55,4953.94222,2019-08-23 08:00:00
1566604800000,93.26,93.49,89.94,92.09,2090.94904,2019-08-24 08:00:00
1566691200000,92.36,93.3,90.61,91.26,1318.00067,2019-08-25 08:00:00
1566777600000,91.51,93.44,91.0,92.28,1985.26831,2019-08-26 08:00:00
1566864000000,91.96,92.27,89.95,90.72,2214.17127,2019-08-27 08:00:00
1566950400000,90.71,90.71,84.5,84.7,3206.0894,2019-08-28 08:00:00
1567036800000,84.65,84.65,77.8,79.78,3302.69419,2019-08-29 08:00:00
1567123200000,79.92,81.9,78.67,80.2,5551.50501,2019-08-30 08:00:00
1567209600000,80.37,82.47,78.2,79.86,6106.92451,2019-08-31 08:00:00
1567296000000,79.86,80.46,78.01,79.32,1488.86699,2019-09-01 08:00:00
1567382400000,79.36,83.2,79.26,81.24,5316.64326,2019-09-02 08:00:00
1567468800000,81.23,83.68,79.91,82.83,5065.77439,2019-09-03 08:00:00
1567555200000,82.79,82.8,79.9,80.9,3411.60925,2019-09-04 08:00:00
1567641600000,80.9,81.89,79.83,80.08,1890.57482,2019-09-05 08:00:00
1567728000000,80.08,82.93,77.49,80.02,6714.80608,2019-09-06 08:00:00
1567814400000,80.02,84.4,79.74,83.82,3793.68288,2019-09-07 08:00:00
1567900800000,83.82,87.63,83.77,87.62,4370.77341,2019-09-08 08:00:00
1567987200000,87.4,88.87,85.24,86.0,4149.83294,2019-09-09 08:00:00
1568073600000,86.38,87.0,82.26,83.11,4433.4645,2019-09-10 08:00:00
1568160000000,83.16,84.84,81.8,82.44,3784.33735,2019-09-11 08:00:00
1568246400000,82.75,98.77,81.33,85.25,16973.23985,2019-09-12 08:00:00
1568332800000,85.31,94.88,84.45,93.49,12887.20999,2019-09-13 08:00:00
1568419200000,93.49,95.39,90.17,91.26,11597.57228,2019-09-14 08:00:00
1568505600000,91.12,91.45,88.42,88.89,5463.70189,2019-09-15 08:00:00
1568592000000,88.89,94.24,87.87,92.49,13108.23512,2019-09-16 08:00:00
1568678400000,92.49,99.78,90.6,94.1,15073.75207,2019-09-17 08:00:00
1568764800000,94.1,99.23,94.09,97.8,13548.08284,2019-09-18 08:00:00
1568851200000,97.8,104.4,90.6,99.7,37130.16327,2019-09-19 08:00:00
1568937600000,99.7,100.07,95.28,96.73,9710.78459,2019-09-20 08:00:00
1569024000000,96.77,96.83,92.61,93.0,6863.75041,2019-09-21 08:00:00
1569110400000,92.94,93.9,90.6,90.64,5271.56057,2019-09-22 08:00:00
1569196800000,90.8,90.8,86.75,86.78,9200.1329,2019-09-23 08:00:00
1569283200000,86.78,88.04,66.92,71.79,17338.51537,2019-09-24 08:00:00
1569369600000,71.5,76.09,69.15,72.69,20954.93714,2019-09-25 08:00:00
1569456000000,72.71,73.38,65.57,68.7,15327.99257,2019-09-26 08:00:00
1569542400000,68.66,72.31,66.33,71.27,10977.74231,2019-09-27 08:00:00
1569628800000,71.25,72.13,69.86,70.78,7004.54679,2019-09-28 08:00:00
1569715200000,70.72,71.3,67.31,68.86,6482.92534,2019-09-29 08:00:00
1569801600000,68.87,71.96,66.54,70.94,9429.98548,2019-09-30 08:00:00
1569888000000,70.99,72.49,69.12,69.98,7984.00472,2019-10-01 08:00:00
1569974400000,69.98,70.7,68.92,70.51,4479.03519,2019-10-02 08:00:00
1570060800000,70.55,70.76,67.86,69.21,9449.17256,2019-10-03 08:00:00
1570147200000,69.22,70.08,68.15,69.45,5225.37803,2019-10-04 08:00:00
1570233600000,69.45,70.0,68.61,69.77,3839.3568,2019-10-05 08:00:00
1570320000000,69.83,70.87,67.85,69.31,8764.0491,2019-10-06 08:00:00
1570406400000,69.38,71.97,68.28,70.74,9907.79547,2019-10-07 08:00:00
1570492800000,70.74,74.0,70.08,70.68,24484.98862,2019-10-08 08:00:00
1570579200000,70.62,74.87,70.37,73.68,21821.63255,2019-10-09 08:00:00
1570665600000,73.63,74.43,70.51,72.6,11351.68535,2019-10-10 08:00:00
1570752000000,72.57,73.69,69.31,69.45,16142.9208,2019-10-11 08:00:00
1570838400000,69.44,73.33,69.4,70.61,7468.48332,2019-10-12 08:00:00
1570924800000,70.56,71.88,70.16,70.41,3978.06632,2019-10-13 08:00:00
1571011200000,70.34,71.61,70.0,71.15,6828.36125,2019-10-14 08:00:00
1571097600000,71.17,73.61,70.57,71.38,18073.41489,2019-10-15 08:00:00
1571184000000,71.31,71.64,66.83,68.04,16726.26774,2019-10-16 08:00:00
1571270400000,68.02,70.23,67.17,68.88,5750.17373,2019-10-17 08:00:00
1571356800000,68.93,69.11,66.81,67.95,6833.32002,2019-10-18 08:00:00
1571443200000,67.92,68.76,67.09,67.38,5741.77939,2019-10-19 08:00:00
1571529600000,67.39,69.92,66.9,69.16,4281.89858,2019-10-20 08:00:00
1571616000000,69.16,69.77,67.8,68.55,9223.43343,2019-10-21 08:00:00
1571702400000,68.51,69.46,58.0,67.21,13825.58113,2019-10-22 08:00:00
1571788800000,67.2,67.3,61.42,62.72,11429.55692,2019-10-23 08:00:00
1571875200000,62.72,63.08,61.2,62.31,8947.26468,2019-10-24 08:00:00
1571961600000,62.35,70.64,62.29,70.31,20621.81451,2019-10-25 08:00:00
1572048000000,70.31,74.42,67.32,70.45,38196.33697,2019-10-26 08:00:00
1572134400000,70.51,74.16,69.02,71.85,19709.1618,2019-10-27 08:00:00
1572220800000,71.84,76.73,71.59,71.62,21112.08301,2019-10-28 08:00:00
1572307200000,71.62,76.4,71.29,72.98,20480.55632,2019-10-29 08:00:00
1572393600000,72.98,74.7,71.04,72.05,16050.694,2019-10-30 08:00:00
1572480000000,72.09,72.83,69.76,71.47,8970.19167,2019-10-31 08:00:00
1572566400000,71.41,72.14,70.17,71.81,7899.56496,2019-11-01 08:00:00
1572652800000,71.85,72.57,71.4,72.12,5768.61729,2019-11-02 08:00:00
1572739200000,72.14,72.72,70.32,71.16,6769.42396,2019-11-03 08:00:00
1572825600000,71.17,73.66,70.8,72.69,14046.87916,2019-11-04 08:00:00
1572912000000,72.69,74.71,71.46,74.34,13298.63802,2019-11-05 08:00:00
1572998400000,74.33,74.81,72.83,74.09,13609.30242,2019-11-06 08:00:00
1573084800000,74.1,74.57,71.38,72.18,11113.14006,2019-11-07 08:00:00
1573171200000,72.18,72.65,67.82,69.32,10119.21429,2019-11-08 08:00:00
1573257600000,69.29,70.43,68.98,69.58,9182.00515,2019-11-09 08:00:00
1573344000000,69.59,72.09,69.16,71.41,16709.06206,2019-11-10 08:00:00
1573430400000,71.42,72.52,69.35,70.15,13132.63725,2019-11-11 08:00:00
1573516800000,70.15,70.73,68.81,70.21,10428.45522,2019-11-12 08:00:00
1573603200000,70.26,70.77,69.51,69.72,8491.11384,2019-11-13 08:00:00
1573689600000,69.79,69.89,68.22,68.75,4886.44815,2019-11-14 08:00:00
1573776000000,68.75,69.68,66.51,68.02,9922.54089,2019-11-15 08:00:00
1573862400000,68.03,68.18,67.28,67.91,4272.05814,2019-11-16 08:00:00
1573948800000,67.92,68.35,67.05,67.67,5563.95355,2019-11-17 08:00:00
1574035200000,67.67,67.79,63.29,64.24,11567.1045,2019-11-18 08:00:00
1574121600000,64.24,65.68,62.87,65.24,11141.031,2019-11-19 08:00:00
1574208000000,65.25,65.72,63.1,63.56,17149.8829,2019-11-20 08:00:00
1574294400000,63.56,64.43,59.33,60.35,17722.00945,2019-11-21 08:00:00
1574380800000,60.37,61.01,53.14,55.08,40360.30175,2019-11-22 08:00:00
1574467200000,55.07,56.81,53.53,54.43,34668.35019,2019-11-23 08:00:00
1574553600000,54.44,54.67,50.52,50.89,27388.49046,2019-11-24 08:00:00
1574640000000,50.92,53.77,47.7,49.78,39885.85066,2019-11-25 08:00:00
1574726400000,49.78,51.02,49.5,50.18,32722.61605,2019-11-26 08:00:00
1574812800000,50.18,52.67,47.99,50.41,42070.06529,2019-11-27 08:00:00
1574899200000,50.41,55.03,49.11,52.28,69738.70609,2019-11-28 08:00:00
1574985600000,52.29,59.29,52.19,56.98,46877.83143,2019-11-29 08:00:00
1575072000000,57.03,58.01,54.45,54.99,21048.19222,2019-11-30 08:00:00
1575158400000,54.99,55.03,52.22,53.08,18466.04887,2019-12-01 08:00:00
1575244800000,53.09,53.77,51.45,51.6,14665.77057,2019-12-02 08:00:00
1575331200000,51.62,52.16,50.67,51.29,16138.59844,2019-12-03 08:00:00
1575417600000,51.31,53.05,49.37,50.22,29195.62885,2019-12-04 08:00:00
1575504000000,50.18,51.48,49.27,49.96,23162.22338,2019-12-05 08:00:00
1575590400000,49.95,52.93,49.7,52.5,29135.22407,2019-12-06 08:00:00
1575676800000,52.5,53.44,51.45,52.39,31395.13411,2019-12-07 08:00:00
1575763200000,52.38,52.49,51.53,51.77,11673.831,2019-12-08 08:00:00
1575849600000,51.84,53.09,50.62,51.16,32800.27519,2019-12-09 08:00:00
1575936000000,51.12,51.75,49.27,49.89,16393.71929,2019-12-10 08:00:00
1576022400000,49.91,50.77,49.22,49.67,18238.49826,2019-12-11 08:00:00
1576108800000,49.71,50.6,48.44,49.84,15200.48761,2019-12-12 08:00:00
1576195200000,49.82,50.87,49.7,50.69,13086.45471,2019-12-13 08:00:00
1576281600000,50.7,51.25,49.0,49.52,12601.11395,2019-12-14 08:00:00
1576368000000,49.52,51.22,48.93,50.8,11770.82641,2019-12-15 08:00:00
1576454400000,50.77,50.83,41.81,45.97,46469.46264,2019-12-16 08:00:00
1576540800000,45.96,46.11,40.34,41.17,61137.65927,2019-12-17 08:00:00
1576627200000,41.24,45.63,39.98,44.47,45199.91783,2019-12-18 08:00:00
1576713600000,44.54,44.88,42.12,42.76,25950.57751,2019-12-19 08:00:00
1576800000000,42.76,43.59,42.1,43.25,19435.14064,2019-12-20 08:00:00
1576886400000,43.23,43.31,42.42,42.64,7220.14285,2019-12-21 08:00:00
1576972800000,42.6,44.3,42.46,44.16,15264.76216,2019-12-22 08:00:00
1577059200000,44.22,44.83,42.5,42.91,18325.14118,2019-12-23 08:00:00
1577145600000,42.89,42.95,41.32,41.64,30790.00803,2019-12-24 08:00:00
1577232000000,41.6,41.74,40.18,40.74,28790.11606,2019-12-25 08:00:00
1577318400000,40.72,40.96,38.2,39.89,95998.38571,2019-12-26 08:00:00
1577404800000,39.89,40.39,38.27,39.63,38302.59619,2019-12-27 08:00:00
1577491200000,39.6,42.92,39.46,41.78,64842.71719,2019-12-28 08:00:00
1577577600000,41.79,45.02,41.25,44.54,75666.83447,2019-12-29 08:00:00
1577664000000,44.56,44.67,42.07,42.26,30253.93836,2019-12-30 08:00:00
1577750400000,42.25,42.77,41.02,41.16,22137.53319,2019-12-31 08:00:00
1577836800000,41.17,42.71,40.92,41.84,15016.01814,2020-01-01 08:00:00
1577923200000,41.82,41.82,39.93,40.04,18821.67698,2020-01-02 08:00:00
1578009600000,40.02,43.99,39.94,43.92,37446.3371,2020-01-03 08:00:00
1578096000000,43.92,48.0,43.05,46.19,318745.74382,2020-01-04 08:00:00
1578182400000,46.18,53.28,46.17,51.17,237688.33038,2020-01-05 08:00:00
1578268800000,51.16,57.64,50.74,56.57,218402.53834,2020-01-06 08:00:00
1578355200000,56.56,57.6,53.4,54.62,131285.58058,2020-01-07 08:00:00
1578441600000,54.63,57.0,51.28,52.42,80441.56897,2020-01-08 08:00:00
1578528000000,52.43,53.2,49.88,50.54,58151.44585,2020-01-09 08:00:00
1578614400000,50.52,56.89,49.75,56.88,141518.35184,2020-01-10 08:00:00
1578700800000,56.84,67.85,55.74,63.46,288575.83841,2020-01-11 08:00:00
1578787200000,63.43,68.1,62.12,66.19,221143.40759,2020-01-12 08:00:00
1578873600000,66.22,71.2,63.67,69.43,155549.1288,2020-01-13 08:00:00
1578960000000,69.44,89.93,69.32,89.28,576172.27797,2020-01-14 08:00:00
1579046400000,89.28,150.0,88.09,133.6,942507.16816,2020-01-15 08:00:00
1579132800000,133.79,134.75,112.58,127.45,532642.16817,2020-01-16 08:00:00
1579219200000,127.46,128.0,109.0,113.04,321461.42979,2020-01-17 08:00:00
1579305600000,113.23,116.5,95.0,101.15,472538.86204,2020-01-18 08:00:00
1579392000000,101.15,109.26,91.84,104.92,325639.51621,2020-01-19 08:00:00
1579478400000,104.95,115.66,99.3,109.91,282175.47118,2020-01-20 08:00:00
1579564800000,109.91,114.38,104.67,110.5,200347.1881,2020-01-21 08:00:00
1579651200000,110.48,113.0,106.69,107.8,118156.00877,2020-01-22 08:00:00
1579737600000,107.79,108.07,98.2,102.72,139568.00361,2020-01-23 08:00:00
1579824000000,102.72,104.0,93.42,100.11,168568.21366,2020-01-24 08:00:00
1579910400000,100.22,104.0,97.35,101.31,77539.54621,2020-01-25 08:00:00
1579996800000,101.31,112.75,99.74,111.01,243277.33812,2020-01-26 08:00:00
1580083200000,111.09,119.65,111.09,112.78,266810.90862,2020-01-27 08:00:00
1580169600000,112.73,117.8,111.05,115.91,175783.486,2020-01-28 08:00:00
1580256000000,115.75,128.7,114.82,121.97,274384.65047,2020-01-29 08:00:00
1580342400000,121.84,125.35,117.68,121.9,196208.67566,2020-01-30 08:00:00
1580428800000,121.88,124.5,112.84,115.85,142316.15963,2020-01-31 08:00:00
1580515200000,115.96,119.87,114.65,116.7,82998.74592,2020-02-01 08:00:00
1580601600000,116.71,117.43,112.51,114.29,81464.22251,2020-02-02 08:00:00
1580688000000,114.28,117.34,113.7,115.34,76529.20885,2020-02-03 08:00:00
1580774400000,115.31,115.7,108.4,110.87,86540.26073,2020-02-04 08:00:00
1580860800000,110.82,124.67,109.75,122.98,169805.66859,2020-02-05 08:00:00
1580947200000,122.86,124.6,117.61,120.32,112592.22637,2020-02-06 08:00:00
1581033600000,120.23,122.86,117.61,118.68,75647.50564,2020-02-07 08:00:00
1581120000000,118.57,131.68,113.0,126.29,220745.16462,2020-02-08 08:00:00
1581206400000,126.26,130.53,123.25,128.51,88598.01651,2020-02-09 08:00:00
1581292800000,128.58,128.73,122.53,127.58,89108.2619,2020-02-10 08:00:00
1581379200000,127.58,134.02,123.83,129.2,99561.39105,2020-02-11 08:00:00
1581465600000,129.25,137.0,128.3,133.53,121111.05759,2020-02-12 08:00:00
1581552000000,133.52,137.87,127.4,131.18,124426.26497,2020-02-13 08:00:00
1581638400000,131.09,134.48,128.15,133.34,60645.63298,2020-02-14 08:00:00
1581724800000,133.36,133.36,115.79,120.73,88911.83036,2020-02-15 08:00:00
1581811200000,120.73,123.54,100.94,110.73,143417.65517,2020-02-16 08:00:00
1581897600000,110.61,116.43,102.0,114.66,149796.32802,2020-02-17 08:00:00
1581984000000,114.63,117.47,107.01,115.56,97913.98228,2020-02-18 08:00:00
1582070400000,115.53,115.81,104.36,104.87,82092.62178,2020-02-19 08:00:00
1582156800000,104.78,107.25,98.89,104.82,99713.8802,2020-02-20 08:00:00
1582243200000,104.76,110.17,102.89,107.39,87336.87694,2020-02-21 08:00:00
1582329600000,107.51,109.36,102.75,103.79,82172.02606,2020-02-22 08:00:00
1582416000000,103.75,109.29,103.4,108.09,60858.17766,2020-02-23 08:00:00
1582502400000,108.05,108.93,99.55,103.41,70242.87157,2020-02-24 08:00:00
1582588800000,103.4,103.56,94.51,95.52,92335.28307,2020-02-25 08:00:00
1582675200000,95.52,96.68,79.08,84.29,157030.83445,2020-02-26 08:00:00
1582761600000,84.33,94.2,79.73,89.88,159594.60259,2020-02-27 08:00:00
1582848000000,89.88,92.87,83.03,88.09,152053.62302,2020-02-28 08:00:00
1582934400000,88.02,90.38,85.03,85.35,62442.92872,2020-02-29 08:00:00
1583020800000,85.24,89.98,83.02,84.59,74133.24342,2020-03-01 08:00:00
1583107200000,84.58,92.04,84.05,90.26,85511.56065,2020-03-02 08:00:00
1583193600000,90.31,90.62,87.04,88.56,54079.45402,2020-03-03 08:00:00
1583280000000,88.57,90.05,85.36,86.88,35757.86985,2020-03-04 08:00:00
1583366400000,86.88,92.53,86.86,89.87,57209.49604,2020-03-05 08:00:00
1583452800000,89.8,94.24,89.01,93.94,60705.2558,2020-03-06 08:00:00
1583539200000,93.93,94.25,87.39,88.12,50339.2242,2020-03-07 08:00:00
1583625600000,88.11,88.11,72.76,73.7,115784.8457,2020-03-08 08:00:00
1583712000000,73.74,75.62,67.71,73.65,159048.24198,2020-03-09 08:00:00
1583798400000,73.61,76.4,71.4,74.6,96811.51486,2020-03-10 08:00:00
1583884800000,74.73,75.34,67.11,72.24,84538.98845,2020-03-11 08:00:00
1583971200000,72.24,72.55,40.98,44.4,257910.65485,2020-03-12 08:00:00
1584057600000,44.38,53.0,31.33,51.16,303365.10054,2020-03-13 08:00:00
1584144000000,51.21,51.21,45.13,45.97,138714.83937,2020-03-14 08:00:00
1584230400000,45.94,50.91,45.4,47.31,92324.25487,2020-03-15 08:00:00
1584316800000,47.23,47.69,38.49,43.12,164413.95329,2020-03-16 08:00:00
1584403200000,43.12,46.8,42.33,45.57,122766.30757,2020-03-17 08:00:00
1584489600000,45.58,63.0,45.0,62.64,373823.335,2020-03-18 08:00:00
1584576000000,62.5,70.09,56.61,65.47,372525.60411,2020-03-19 08:00:00
1584662400000,65.53,77.97,62.44,71.78,362997.64844,2020-03-20 08:00:00
1584748800000,71.76,75.57,67.63,71.37,298477.33757,2020-03-21 08:00:00
1584835200000,71.37,73.56,61.64,62.44,213394.9344,2020-03-22 08:00:00
1584921600000,62.44,71.35,61.2,70.87,165283.61723,2020-03-23 08:00:00
1585008000000,70.84,71.48,67.06,69.53,126750.56914,2020-03-24 08:00:00
1585094400000,69.51,70.42,66.23,67.72,104935.72796,2020-03-25 08:00:00
1585180800000,67.81,68.65,66.48,68.23,70904.73463,2020-03-26 08:00:00
1585267200000,68.17,73.08,66.76,67.59,142671.2363,2020-03-27 08:00:00
1585353600000,67.59,67.59,61.93,65.21,155120.81075,2020-03-28 08:00:00
1585440000000,65.27,65.8,60.36,60.46,74588.72405,2020-03-29 08:00:00
1585526400000,60.46,67.47,60.41,65.81,92652.39172,2020-03-30 08:00:00
1585612800000,65.81,66.4,64.05,64.97,76470.95299,2020-03-31 08:00:00
1585699200000,64.98,66.7,62.4,66.03,83277.0903,2020-04-01 08:00:00
1585785600000,66.05,71.76,65.01,67.51,111332.83191,2020-04-02 08:00:00
1585872000000,67.5,70.29,66.21,67.4,94563.64527,2020-04-03 08:00:00
1585958400000,67.38,69.37,66.66,68.46,111380.92828,2020-04-04 08:00:00
1586044800000,68.55,68.78,65.8,66.89,62283.81855,2020-04-05 08:00:00
1586131200000,66.88,73.35,66.82,73.19,141591.29831,2020-04-06 08:00:00
1586217600000,73.17,76.16,70.22,72.22,161074.78882,2020-04-07 08:00:00
1586304000000,72.25,76.6,71.13,75.52,136538.15876,2020-04-08 08:00:00
1586390400000,75.52,84.42,74.03,82.83,224050.7302,2020-04-09 08:00:00
1586476800000,82.84,83.29,69.88,74.1,265980.0224,2020-04-10 08:00:00
1586563200000,74.1,78.01,73.05,74.97,196064.74128,2020-04-11 08:00:00
1586649600000,74.98,78.33,72.91,74.1,136706.44746,2020-04-12 08:00:00
1586736000000,74.09,74.09,70.48,73.13,159135.83509,2020-04-13 08:00:00
1586822400000,73.18,74.55,71.86,72.32,84751.4434,2020-04-14 08:00:00
1586908800000,72.32,73.71,70.08,70.7,60325.39895,2020-04-15 08:00:00
1586995200000,70.7,77.41,67.45,76.09,137246.50524,2020-04-16 08:00:00
1587081600000,76.12,78.09,74.54,76.31,84369.64759,2020-04-17 08:00:00
1587168000000,76.29,80.5,76.13,80.16,102156.38065,2020-04-18 08:00:00
1587254400000,80.2,83.46,77.28,80.23,144719.87604,2020-04-19 08:00:00
1587340800000,80.27,82.8,72.71,74.29,174399.25211,2020-04-20 08:00:00
1587427200000,74.29,75.93,72.92,74.48,96123.86094,2020-04-21 08:00:00
1587513600000,74.46,82.1,74.06,80.8,136483.49151,2020-04-22 08:00:00
1587600000000,80.84,84.61,78.88,81.26,147824.2194,2020-04-23 08:00:00
1587686400000,81.26,82.93,80.48,81.37,60986.31571,2020-04-24 08:00:00
1587772800000,81.38,88.19,80.45,85.78,110382.02633,2020-04-25 08:00:00
1587859200000,85.75,87.5,81.93,84.12,123447.45116,2020-04-26 08:00:00
1587945600000,84.15,84.6,80.03,82.75,116450.1682,2020-04-27 08:00:00
1588032000000,82.73,83.13,79.75,82.21,90956.57783,2020-04-28 08:00:00
1588118400000,82.23,86.1,82.01,85.36,158868.61638,2020-04-29 08:00:00
1588204800000,85.38,88.77,80.24,80.74,204337.47107,2020-04-30 08:00:00
1588291200000,80.72,83.98,80.72,82.95,85529.75686,2020-05-01 08:00:00
1588377600000,82.93,83.76,81.6,83.26,57455.69932,2020-05-02 08:00:00
1588464000000,83.29,83.88,79.8,81.07,64986.63162,2020-05-03 08:00:00
1588550400000,81.09,81.2,75.36,79.54,88955.28744,2020-05-04 08:00:00
1588636800000,79.54,81.13,77.62,79.37,47651.49174,2020-05-05 08:00:00
1588723200000,79.45,80.98,76.65,77.11,55658.29396,2020-05-06 08:00:00
1588809600000,77.15,80.18,76.29,78.76,80057.50512,2020-05-07 08:00:00
1588896000000,78.78,83.26,77.0,81.8,104474.49072,2020-05-08 08:00:00
1588982400000,81.79,82.5,79.03,79.59,69717.81564,2020-05-09 08:00:00
1589068800000,79.61,79.63,68.4,72.1,175512.38769,2020-05-10 08:00:00
1589155200000,72.16,73.46,66.11,69.73,129034.47344,2020-05-11 08:00:00
1589241600000,69.74,75.03,69.34,73.31,84472.00875,2020-05-12 08:00:00
1589328000000,73.22,74.8,72.18,73.81,53489.66559,2020-05-13 08:00:00
1589414400000,73.84,75.86,73.14,74.56,53605.54899,2020-05-14 08:00:00
1589500800000,74.54,74.96,71.83,72.44,57496.11399,2020-05-15 08:00:00
1589587200000,72.45,74.48,72.09,73.71,45053.21481,2020-05-16 08:00:00
1589673600000,73.65,77.19,73.47,75.03,75524.7433,2020-05-17 08:00:00
1589760000000,75.02,78.36,74.84,76.2,71217.277,2020-05-18 08:00:00
1589846400000,76.21,77.25,73.98,77.15,57472.09282,2020-05-19 08:00:00
1589932800000,77.21,78.61,74.73,78.35,82734.15623,2020-05-20 08:00:00
1590019200000,78.33,78.62,71.0,73.09,78273.13025,2020-05-21 08:00:00
1590105600000,73.12,75.57,72.4,74.77,55764.86652,2020-05-22 08:00:00
1590192000000,74.77,75.8,73.36,73.87,48331.10005,2020-05-23 08:00:00
1590278400000,73.85,75.46,71.58,71.67,57680.89114,2020-05-24 08:00:00
1590364800000,71.67,73.73,70.93,73.6,33454.71688,2020-05-25 08:00:00
1590451200000,73.56,73.86,71.26,72.61,44621.44898,2020-05-26 08:00:00
1590537600000,72.61,74.68,72.32,73.6,47054.30102,2020-05-27 08:00:00
1590624000000,73.6,75.3,72.43,75.06,43733.68097,2020-05-28 08:00:00
1590710400000,75.08,75.6,73.31,74.16,47813.93516,2020-05-29 08:00:00
1590796800000,74.17,79.68,73.52,79.01,103075.68133,2020-05-30 08:00:00
1590883200000,79.01,80.88,75.55,76.33,77435.08359,2020-05-31 08:00:00
1590969600000,76.32,80.4,75.59,80.06,92745.69787,2020-06-01 08:00:00
1591056000000,80.08,82.28,76.01,78.26,108927.88649,2020-06-02 08:00:00
1591142400000,78.18,78.67,76.63,78.2,59641.52931,2020-06-03 08:00:00
1591228800000,78.23,79.15,76.64,78.6,58446.26512,2020-06-04 08:00:00
1591315200000,78.52,79.82,77.72,77.81,44672.7812,2020-06-05 08:00:00
1591401600000,77.84,79.22,77.06,78.3,28314.39715,2020-06-06 08:00:00
1591488000000,78.31,78.77,75.82,77.99,31826.94331,2020-06-07 08:00:00
1591574400000,78.0,78.35,77.0,77.77,23624.54078,2020-06-08 08:00:00
1591660800000,77.79,78.03,76.59,77.42,23087.51963,2020-06-09 08:00:00
1591747200000,77.45,78.35,77.02,78.21,30382.50707,2020-06-10 08:00:00
1591833600000,78.23,78.71,71.76,72.24,69195.78222,2020-06-11 08:00:00
1591920000000,72.24,74.87,71.07,73.27,42187.33381,2020-06-12 08:00:00
1592006400000,73.27,74.39,72.56,74.18,22517.90796,2020-06-13 08:00:00
1592092800000,74.19,74.36,71.94,72.56,25223.59019,2020-06-14 08:00:00
1592179200000,72.55,72.62,68.5,71.77,48047.05676,2020-06-15 08:00:00
1592265600000,71.86,73.18,71.4,72.63,35170.2387,2020-06-16 08:00:00
1592352000000,72.66,73.51,70.83,72.42,24981.86909,2020-06-17 08:00:00
1592438400000,72.43,72.65,70.68,71.46,22382.29368,2020-06-18 08:00:00
1592524800000,71.44,71.44,69.87,70.1,23931.35415,2020-06-19 08:00:00
1592611200000,70.08,71.2,69.18,71.01,23835.71053,2020-06-20 08:00:00
1592697600000,71.02,71.37,69.96,70.14,16877.09746,2020-06-21 08:00:00
1592784000000,70.14,72.81,70.02,72.33,27962.04173,2020-06-22 08:00:00
1592870400000,72.32,76.42,71.52,74.01,68535.86342,2020-06-23 08:00:00
1592956800000,74.06,75.3,70.76,72.42,60080.00637,2020-06-24 08:00:00
1593043200000,72.39,72.43,70.04,71.11,26674.84802,2020-06-25 08:00:00
1593129600000,71.08,71.57,69.71,70.68,21882.47201,2020-06-26 08:00:00
1593216000000,70.66,71.18,65.14,66.92,43141.6368,2020-06-27 08:00:00
1593302400000,66.93,68.67,66.07,67.7,25112.63101,2020-06-28 08:00:00
1593388800000,67.71,69.3,66.76,68.93,43636.27624,2020-06-29 08:00:00
1593475200000,69.02,69.22,67.45,68.11,29539.15052,2020-06-30 08:00:00
1593561600000,68.16,69.02,67.29,68.31,34539.68082,2020-07-01 08:00:00
1593648000000,68.32,68.85,65.4,66.62,42226.90345,2020-07-02 08:00:00
1593734400000,66.58,67.12,65.85,66.46,39256.79118,2020-07-03 08:00:00
1593820800000,66.38,68.26,66.24,67.63,32009.08418,2020-07-04 08:00:00
1593907200000,67.62,67.76,65.66,67.24,27308.10185,2020-07-05 08:00:00
1593993600000,67.28,70.68,67.03,70.26,57122.83903,2020-07-06 08:00:00
1594080000000,70.27,70.98,69.14,69.92,40320.35356,2020-07-07 08:00:00
1594166400000,69.92,73.28,69.45,72.7,71627.66206,2020-07-08 08:00:00
1594252800000,72.7,73.88,70.49,71.86,58625.63943,2020-07-09 08:00:00
1594339200000,71.85,71.94,70.16,71.75,41398.10652,2020-07-10 08:00:00
1594425600000,71.82,73.0,71.32,72.68,39543.60747,2020-07-11 08:00:00
1594512000000,72.68,73.17,70.82,72.05,62953.67605,2020-07-12 08:00:00
1594598400000,72.13,75.72,70.93,71.84,84435.76248,2020-07-13 08:00:00
1594684800000,71.83,72.61,70.02,71.82,57652.42818,2020-07-14 08:00:00
1594771200000,71.97,72.24,70.55,71.12,49624.3022,2020-07-15 08:00:00
1594857600000,71.11,71.41,68.05,69.28,49571.98171,2020-07-16 08:00:00
1594944000000,69.3,70.1,68.73,69.58,29715.22806,2020-07-17 08:00:00
1595030400000,69.52,69.7,68.63,69.2,20300.08423,2020-07-18 08:00:00
1595116800000,69.2,70.42,68.73,70.35,24125.7326,2020-07-19 08:00:00
1595203200000,70.35,70.42,68.61,68.86,26974.05406,2020-07-20 08:00:00
1595289600000,68.84,71.24,68.66,71.09,41908.90375,2020-07-21 08:00:00
1595376000000,71.07,73.5,71.07,73.38,60391.39251,2020-07-22 08:00:00
1595462400000,73.42,73.99,72.49,73.35,47534.36294,2020-07-23 08:00:00
1595548800000,73.33,73.43,71.23,71.94,39291.94215,2020-07-24 08:00:00
1595635200000,71.98,74.95,71.97,74.65,51346.66374,2020-07-25 08:00:00
1595721600000,74.66,77.45,74.18,75.3,77931.46205,2020-07-26 08:00:00
1595808000000,75.29,79.23,73.23,77.55,136938.87528,2020-07-27 08:00:00
1595894400000,77.59,80.97,75.97,79.82,107440.29158,2020-07-28 08:00:00
1595980800000,79.85,84.58,78.9,81.38,119087.77145,2020-07-29 08:00:00
1596067200000,81.39,82.41,79.2,81.15,72279.6633,2020-07-30 08:00:00
1596153600000,81.17,83.68,79.94,82.45,72195.53649,2020-07-31 08:00:00
1596240000000,82.4,94.14,81.8,93.13,184659.37417,2020-08-01 08:00:00
1596326400000,93.06,95.55,78.6,85.29,219477.37973,2020-08-02 08:00:00
1596412800000,85.29,89.73,83.78,87.72,134901.02137,2020-08-03 08:00:00
1596499200000,87.72,89.19,84.88,86.88,75733.64452,2020-08-04 08:00:00
1596585600000,86.9,93.55,85.86,92.2,148393.51049,2020-08-05 08:00:00
1596672000000,92.19,104.8,90.1,100.42,279733.1901,2020-08-06 08:00:00
1596758400000,100.41,103.92,92.66,96.53,181984.5931,2020-08-07 08:00:00
1596844800000,96.5,102.33,94.63,98.36,113719.73439,2020-08-08 08:00:00
1596931200000,98.34,98.94,94.5,97.72,83012.89681,2020-08-09 08:00:00
1597017600000,97.67,98.43,92.36,95.54,75664.95589,2020-08-10 08:00:00
1597104000000,95.45,96.6,85.73,88.55,115332.81881,2020-08-11 08:00:00
1597190400000,88.52,92.13,84.21,91.7,109085.0157,2020-08-12 08:00:00
1597276800000,91.71,93.18,85.72,92.77,89211.77617,2020-08-13 08:00:00
1597363200000,92.8,92.87,89.93,92.0,98465.2607,2020-08-14 08:00:00
1597449600000,91.98,95.97,91.12,93.95,121839.35177,2020-08-15 08:00:00
1597536000000,93.96,95.34,91.48,95.06,73373.07208,2020-08-16 08:00:00
1597622400000,95.06,100.18,92.84,97.62,144314.08124,2020-08-17 08:00:00
1597708800000,97.59,98.81,91.67,92.66,86146.55341,2020-08-18 08:00:00
1597795200000,92.71,93.81,86.81,87.72,119015.02374,2020-08-19 08:00:00
1597881600000,87.73,91.66,87.09,91.5,61696.00831,2020-08-20 08:00:00
1597968000000,91.49,95.7,85.0,86.75,137350.91804,2020-08-21 08:00:00
1598054400000,86.77,91.01,85.14,90.82,56258.31833,2020-08-22 08:00:00
1598140800000,90.79,92.96,87.76,91.41,55970.08678,2020-08-23 08:00:00
1598227200000,91.46,93.32,89.44,91.82,46794.77115,2020-08-24 08:00:00
1598313600000,91.75,91.86,82.53,84.5,83083.55733,2020-08-25 08:00:00
1598400000000,84.5,87.44,83.58,85.8,63162.95716,2020-08-26 08:00:00
1598486400000,85.79,86.53,81.77,83.35,70709.86666,2020-08-27 08:00:00
1598572800000,83.41,85.92,82.4,84.99,42068.11256,2020-08-28 08:00:00
1598659200000,84.96,86.65,84.38,85.0,36464.81833,2020-08-29 08:00:00
1598745600000,84.98,88.9,84.9,88.27,80201.38537,2020-08-30 08:00:00
1598832000000,88.3,88.95,85.71,86.1,52352.27746,2020-08-31 08:00:00
1598918400000,86.13,90.72,84.95,89.05,95480.15433,2020-09-01 08:00:00
1599004800000,89.02,89.71,79.64,83.27,93233.75413,2020-09-02 08:00:00
1599091200000,83.24,83.6,62.0,66.6,125393.99844,2020-09-03 08:00:00
1599177600000,66.59,74.05,65.88,72.62,150110.77457,2020-09-04 08:00:00
1599264000000,72.6,74.17,64.95,68.02,114466.4956,2020-09-05 08:00:00
1599350400000,68.03,71.71,66.08,70.12,67791.23746,2020-09-06 08:00:00
1599436800000,70.08,79.32,65.81,76.05,144971.63098,2020-09-07 08:00:00
1599523200000,76.14,77.75,70.03,74.74,133035.05308,2020-09-08 08:00:00
1599609600000,74.73,77.85,74.11,75.5,52743.89372,2020-09-09 08:00:00
1599696000000,75.54,77.75,74.98,77.01,56048.00561,2020-09-10 08:00:00
1599782400000,76.99,77.4,74.57,77.09,49324.09695,2020-09-11 08:00:00
1599868800000,77.05,80.08,75.53,79.34,62943.58582,2020-09-12 08:00:00
1599955200000,79.34,79.34,73.17,75.53,68354.16198,2020-09-13 08:00:00
1600041600000,75.53,76.77,73.83,75.13,51854.10503,2020-09-14 08:00:00
1600128000000,75.1,76.12,72.74,72.95,57739.76891,2020-09-15 08:00:00
1600214400000,72.92,74.29,70.89,73.01,44873.12296,2020-09-16 08:00:00
1600300800000,73.02,74.74,71.34,73.32,50658.82835,2020-09-17 08:00:00
1600387200000,73.33,73.74,70.34,72.24,56664.50386,2020-09-18 08:00:00
1600473600000,72.18,73.6,71.34,72.85,62510.90975,2020-09-19 08:00:00
1600560000000,72.83,72.97,69.38,70.77,63403.26112,2020-09-20 08:00:00
1600646400000,70.75,71.67,64.67,66.81,88307.59131,2020-09-21 08:00:00
1600732800000,66.87,69.06,66.33,68.12,56642.53963,2020-09-22 08:00:00
1600819200000,68.14,68.48,64.27,64.86,43121.59268,2020-09-23 08:00:00
1600905600000,64.9,68.57,64.33,67.79,56760.94406,2020-09-24 08:00:00
1600992000000,67.77,69.4,66.52,68.55,63061.97891,2020-09-25 08:00:00
1601078400000,68.59,69.95,68.29,69.04,70866.27836,2020-09-26 08:00:00
1601164800000,69.0,69.98,67.13,68.78,51818.34146,2020-09-27 08:00:00
1601251200000,68.84,69.98,67.01,67.35,61803.69181,2020-09-28 08:00:00
1601337600000,67.35,68.82,66.64,68.45,56185.46643,2020-09-29 08:00:00
1601424000000,68.49,69.18,66.65,69.17,43568.97922,2020-09-30 08:00:00
1601510400000,69.18,71.03,67.18,68.06,85616.21147,2020-10-01 08:00:00
1601596800000,67.93,68.79,63.86,65.95,71495.95848,2020-10-02 08:00:00
1601683200000,65.93,66.6,65.46,65.6,32303.80976,2020-10-03 08:00:00
1601769600000,65.59,66.82,64.93,66.39,36006.25321,2020-10-04 08:00:00
1601856000000,66.39,67.28,65.59,67.15,37964.6309,2020-10-05 08:00:00
1601942400000,67.17,68.35,64.61,65.28,65797.61288,2020-10-06 08:00:00
1602028800000,65.24,66.26,64.07,65.94,43924.68321,2020-10-07 08:00:00
1602115200000,65.91,67.34,64.18,66.34,62003.4231,2020-10-08 08:00:00
1602201600000,66.38,67.84,65.79,67.27,54767.81538,2020-10-09 08:00:00
1602288000000,67.27,69.34,67.27,67.92,66528.3583,2020-10-10 08:00:00
1602374400000,67.89,72.57,67.67,71.71,92053.86309,2020-10-11 08:00:00
1602460800000,71.7,74.51,69.97,71.66,117879.61695,2020-10-12 08:00:00
1602547200000,71.64,73.47,70.43,71.23,55479.72254,2020-10-13 08:00:00
1602633600000,71.28,72.1,68.96,70.05,59447.33296,2020-10-14 08:00:00
1602720000000,70.04,70.46,68.07,69.27,44488.21276,2020-10-15 08:00:00
1602806400000,69.27,70.07,65.41,66.06,69086.25891,2020-10-16 08:00:00
1602892800000,66.11,67.52,65.25,67.33,41132.36407,2020-10-17 08:00:00
1602979200000,67.31,67.34,66.51,67.29,20561.61781,2020-10-18 08:00:00
1603065600000,67.3,78.57,66.13,74.93,213179.35771,2020-10-19 08:00:00
1603152000000,74.95,77.5,70.22,70.65,198990.03614,2020-10-20 08:00:00
1603238400000,70.65,77.14,70.38,74.73,116971.25433,2020-10-21 08:00:00
1603324800000,74.73,77.95,74.04,74.98,101514.41465,2020-10-22 08:00:00
1603411200000,74.94,75.3,70.69,72.13,99986.52481,2020-10-23 08:00:00
1603497600000,72.16,73.93,71.39,73.31,90257.44587,2020-10-24 08:00:00
1603584000000,73.25,73.73,70.33,71.06,79876.78455,2020-10-25 08:00:00
1603670400000,71.05,72.49,68.38,69.19,91195.42775,2020-10-26 08:00:00
1603756800000,69.18,72.19,68.99,70.75,78640.63515,2020-10-27 08:00:00
1603843200000,70.71,71.12,66.7,67.91,94951.20751,2020-10-28 08:00:00
1603929600000,67.91,68.8,65.65,67.1,65662.37067,2020-10-29 08:00:00
1604016000000,67.08,72.63,64.01,69.69,194096.32743,2020-10-30 08:00:00
1604102400000,69.7,73.0,68.57,70.08,136272.27806,2020-10-31 08:00:00
1604188800000,70.1,70.68,68.19,68.79,75798.69681,2020-11-01 08:00:00
1604275200000,68.79,69.6,64.71,64.95,120342.39635,2020-11-02 08:00:00
1604361600000,64.91,65.48,63.09,64.32,110101.13633,2020-11-03 08:00:00
1604448000000,64.32,65.28,62.21,64.75,97632.54814,2020-11-04 08:00:00
1604534400000,64.7,70.27,63.56,67.78,145068.35795,2020-11-05 08:00:00
1604620800000,67.79,70.78,67.39,70.09,173271.68309,2020-11-06 08:00:00
1604707200000,70.03,72.2,64.92,66.57,172737.26606,2020-11-07 08:00:00
1604793600000,66.55,69.28,65.64,68.06,83662.10554,2020-11-08 08:00:00
1604880000000,68.05,69.07,66.29,68.09,100836.76846,2020-11-09 08:00:00
1604966400000,68.11,69.78,67.38,68.86,95086.52861,2020-11-10 08:00:00
1605052800000,68.84,71.6,68.68,69.31,92994.50111,2020-11-11 08:00:00
1605139200000,69.3,79.85,68.31,77.69,366353.56972,2020-11-12 08:00:00
1605225600000,77.7,79.4,75.66,77.74,116957.99186,2020-11-13 08:00:00
1605312000000,77.77,79.9,74.41,77.29,131760.44644,2020-11-14 08:00:00
1605398400000,77.32,77.69,73.51,74.98,131946.35171,2020-11-15 08:00:00
1605484800000,75.02,82.7,74.47,80.66,153555.21736,2020-11-16 08:00:00
1605571200000,80.65,83.92,80.08,83.21,130935.68606,2020-11-17 08:00:00
1605657600000,83.22,83.8,76.83,80.05,139284.11397,2020-11-18 08:00:00
1605744000000,80.06,84.85,77.76,82.21,132138.66925,2020-11-19 08:00:00
1605830400000,82.24,84.88,82.04,83.36,107251.80646,2020-11-20 08:00:00
1605916800000,83.31,94.65,82.86,94.57,267277.64828,2020-11-21 08:00:00
1606003200000,94.51,95.45,85.52,90.45,275616.21332,2020-11-22 08:00:00
1606089600000,90.49,95.51,89.32,94.24,225691.05838,2020-11-23 08:00:00
1606176000000,94.27,123.06,92.13,114.5,683633.09539,2020-11-24 08:00:00
1606262400000,114.45,116.15,97.96,102.06,387462.45355,2020-11-25 08:00:00
1606348800000,102.02,104.17,83.33,91.83,426643.49588,2020-11-26 08:00:00
1606435200000,91.79,98.0,86.81,92.32,211481.22952,2020-11-27 08:00:00
1606521600000,92.25,113.74,90.96,109.07,385819.18284,2020-11-28 08:00:00
1606608000000,108.92,114.52,104.1,108.15,354665.0141,2020-11-29 08:00:00
1606694400000,108.13,118.44,106.58,112.83,349570.55529,2020-11-30 08:00:00
1606780800000,112.83,116.0,97.0,103.91,327861.21345,2020-12-01 08:00:00
1606867200000,103.88,107.98,100.51,105.23,218429.701,2020-12-02 08:00:00
1606953600000,105.21,108.39,103.6,107.54,112182.70218,2020-12-03 08:00:00
1607040000000,107.5,111.07,97.2,98.86,123974.68291,2020-12-04 08:00:00
1607126400000,98.84,103.65,96.58,102.99,91170.71242,2020-12-05 08:00:00
1607212800000,102.97,104.64,99.17,102.09,80287.0844,2020-12-06 08:00:00
1607299200000,102.02,104.44,100.3,101.53,79537.60729,2020-12-07 08:00:00
1607385600000,101.52,101.74,93.2,95.01,90673.34999,2020-12-08 08:00:00
1607472000000,95.03,96.09,88.5,95.62,108752.79224,2020-12-09 08:00:00
1607558400000,95.57,96.0,90.72,92.86,53630.21982,2020-12-10 08:00:00
1607644800000,92.99,95.17,87.8,93.25,136474.6889,2020-12-11 08:00:00
1607731200000,93.18,97.34,92.88,94.74,92254.53543,2020-12-12 08:00:00
1607817600000,94.69,99.36,93.64,97.61,74418.65429,2020-12-13 08:00:00
1607904000000,97.61,97.7,94.21,96.69,73015.99054,2020-12-14 08:00:00
1607990400000,96.71,97.56,94.04,96.96,54839.65058,2020-12-15 08:00:00
1608076800000,96.96,105.49,94.5,105.39,139261.16521,2020-12-16 08:00:00
1608163200000,105.34,115.89,101.09,108.22,250222.57358,2020-12-17 08:00:00
1608249600000,108.25,114.09,103.9,108.05,199030.83278,2020-12-18 08:00:00
1608336000000,108.07,112.45,105.51,108.27,107856.32489,2020-12-19 08:00:00
1608422400000,108.27,114.4,104.28,109.56,165526.30142,2020-12-20 08:00:00
1608508800000,109.5,119.53,101.35,103.9,231652.66367,2020-12-21 08:00:00
1608595200000,103.9,106.5,96.0,105.76,181724.07237,2020-12-22 08:00:00
1608681600000,105.72,106.3,86.99,91.4,147463.04826,2020-12-23 08:00:00
1608768000000,91.44,99.61,87.59,98.54,103526.96571,2020-12-24 08:00:00
1608854400000,98.6,105.2,95.81,103.12,154640.06263,2020-12-25 08:00:00
1608940800000,103.07,112.71,102.03,107.99,198907.56298,2020-12-26 08:00:00
1609027200000,108.03,113.26,101.0,107.48,247963.75989,2020-12-27 08:00:00
1609113600000,107.37,111.0,104.24,107.11,237228.86887,2020-12-28 08:00:00
1609200000000,107.13,108.81,99.08,103.93,199864.39635,2020-12-29 08:00:00
1609286400000,103.94,105.65,98.87,101.89,132451.98504,2020-12-30 08:00:00
1609372800000,101.81,102.37,96.73,99.45,94891.00625,2020-12-31 08:00:00
1609459200000,99.48,102.83,85.9,87.97,354824.35988,2021-01-01 08:00:00
1609545600000,87.97,94.0,84.63,87.02,334096.22397,2021-01-02 08:00:00
1609632000000,86.98,92.11,85.19,89.65,225874.8082,2021-01-03 08:00:00
1609718400000,89.68,96.89,85.11,89.01,259987.88897,2021-01-04 08:00:00
1609804800000,88.97,90.2,85.6,89.11,150375.66563,2021-01-05 08:00:00
1609891200000,89.18,94.95,87.93,94.22,254301.58553,2021-01-06 08:00:00
1609977600000,94.3,108.37,92.17,98.96,385590.06063,2021-01-07 08:00:00
1610064000000,98.88,100.88,92.0,96.2,235786.66695,2021-01-08 08:00:00
1610150400000,96.2,111.19,94.13,109.94,263992.12984,2021-01-09 08:00:00
1610236800000,110.0,158.5,109.9,146.54,1374934.1012,2021-01-10 08:00:00
1610323200000,146.5,148.52,106.02,125.01,1159963.06592,2021-01-11 08:00:00
1610409600000,125.19,135.81,116.22,128.53,513919.37335,2021-01-12 08:00:00
1610496000000,128.46,137.6,120.02,133.1,359632.76828,2021-01-13 08:00:00
1610582400000,133.13,138.0,129.1,132.99,259568.13891,2021-01-14 08:00:00
1610668800000,133.0,136.63,116.4,124.3,243942.43173,2021-01-15 08:00:00
1610755200000,124.38,132.34,121.35,124.85,197587.25613,2021-01-16 08:00:00
1610841600000,124.8,126.99,120.09,124.26,145919.12231,2021-01-17 08:00:00
1610928000000,124.33,132.5,121.0,129.3,184899.95993,2021-01-18 08:00:00
1611014400000,129.34,134.45,123.0,124.46,233952.73508,2021-01-19 08:00:00
1611100800000,124.51,127.1,111.55,121.13,435595.51247,2021-01-20 08:00:00
1611187200000,121.21,121.99,99.53,99.77,490243.83482,2021-01-21 08:00:00
1611273600000,99.7,108.29,93.85,104.72,495027.58963,2021-01-22 08:00:00
1611360000000,104.72,109.92,102.09,105.29,197211.64112,2021-01-23 08:00:00
1611446400000,105.27,110.9,103.56,106.16,174099.56671,2021-01-24 08:00:00
1611532800000,106.23,113.22,104.76,105.0,200978.175,2021-01-25 08:00:00
1611619200000,104.84,106.34,100.23,104.97,129344.10154,2021-01-26 08:00:00
1611705600000,104.88,104.96,94.3,96.45,146328.49438,2021-01-27 08:00:00
1611792000000,96.49,105.53,94.81,102.68,169884.10592,2021-01-28 08:00:00
1611878400000,102.71,110.22,101.06,104.56,272655.5701,2021-01-29 08:00:00
1611964800000,104.6,106.22,100.51,105.17,126741.5977,2021-01-30 08:00:00
1612051200000,105.19,106.25,100.05,102.42,131926.49052,2021-01-31 08:00:00
1612137600000,102.39,105.74,100.2,103.54,167191.02543,2021-02-01 08:00:00
1612224000000,103.52,110.95,103.1,109.85,206063.14571,2021-02-02 08:00:00
1612310400000,109.86,118.66,109.86,116.84,285854.36656,2021-02-03 08:00:00
1612396800000,116.86,118.52,110.0,111.0,204054.47463,2021-02-04 08:00:00
1612483200000,110.98,122.5,110.38,120.42,272673.13955,2021-02-05 08:00:00
1612569600000,120.4,123.0,115.01,118.94,243141.74448,2021-02-06 08:00:00
1612656000000,118.97,122.0,112.29,118.31,213673.40005,2021-02-07 08:00:00
1612742400000,118.32,126.54,114.78,126.16,226166.19795,2021-02-08 08:00:00
1612828800000,126.25,138.1,124.11,137.36,303721.31475,2021-02-09 08:00:00
1612915200000,137.4,149.0,125.0,139.75,431306.34975,2021-02-10 08:00:00
1613001600000,139.7,167.5,138.19,164.6,529001.09986,2021-02-11 08:00:00
1613088000000,164.91,173.42,155.24,169.76,317122.93801,2021-02-12 08:00:00
1613174400000,169.82,298.0,169.74,267.61,1528535.92984,2021-02-13 08:00:00
1613260800000,267.74,278.95,222.25,230.69,549673.22547,2021-02-14 08:00:00
1613347200000,230.4,290.0,195.0,259.69,1021117.66384,2021-02-15 08:00:00
1613433600000,259.8,272.78,242.78,249.46,439133.16626,2021-02-16 08:00:00
1613520000000,249.41,270.95,234.26,265.96,371685.81453,2021-02-17 08:00:00
1613606400000,265.99,306.12,257.05,281.15,589697.91273,2021-02-18 08:00:00
1613692800000,281.16,336.65,269.61,323.84,719761.4102,2021-02-19 08:00:00
1613779200000,323.79,332.71,280.0,297.28,421948.27107,2021-02-20 08:00:00
1613865600000,297.55,317.54,289.55,301.52,268039.66845,2021-02-21 08:00:00
1613952000000,301.57,303.2,226.2,271.7,492173.82981,2021-02-22 08:00:00
1614038400000,271.74,273.11,200.0,230.91,572502.34696,2021-02-23 08:00:00
1614124800000,231.19,263.0,218.0,237.4,393461.5782,2021-02-24 08:00:00
1614211200000,237.03,248.79,216.0,218.5,252003.58046,2021-02-25 08:00:00
1614297600000,218.11,223.92,201.15,206.7,231381.98349,2021-02-26 08:00:00
1614384000000,206.57,224.27,205.21,210.69,195763.12727,2021-02-27 08:00:00
1614470400000,210.44,211.94,181.28,196.77,207923.0121,2021-02-28 08:00:00
1614556800000,196.82,224.94,195.85,224.94,218515.06239,2021-03-01 08:00:00
1614643200000,224.77,230.3,209.31,216.04,201183.40119,2021-03-02 08:00:00
1614729600000,215.87,235.8,213.82,222.59,178477.30036,2021-03-03 08:00:00
1614816000000,222.74,230.0,206.1,211.18,169287.2887,2021-03-04 08:00:00
1614902400000,211.18,211.75,196.1,205.7,145137.69888,2021-03-05 08:00:00
1614988800000,205.8,210.74,200.41,208.61,75771.37399,2021-03-06 08:00:00
1615075200000,208.79,215.04,206.33,214.79,92915.69908,2021-03-07 08:00:00
1615161600000,214.8,219.11,206.49,218.23,109229.35324,2021-03-08 08:00:00
1615248000000,218.26,245.81,214.71,244.2,235143.63519,2021-03-09 08:00:00
1615334400000,244.09,250.0,225.69,234.41,221375.31372,2021-03-10 08:00:00
1615420800000,234.56,244.17,225.26,235.39,170559.21969,2021-03-11 08:00:00
1615507200000,235.4,239.56,214.97,224.69,163689.52612,2021-03-12 08:00:00
1615593600000,224.64,245.17,217.07,243.04,165964.52106,2021-03-13 08:00:00
1615680000000,243.16,250.2,230.92,231.17,168708.90051,2021-03-14 08:00:00
1615766400000,230.9,240.45,218.0,221.42,135483.90647,2021-03-15 08:00:00
1615852800000,221.27,224.96,210.58,223.59,107782.28711,2021-03-16 08:00:00
1615939200000,223.7,231.2,216.52,229.47,116650.41508,2021-03-17 08:00:00
1616025600000,229.47,237.7,221.94,225.83,136183.50299,2021-03-18 08:00:00
1616112000000,225.79,231.29,219.4,225.72,77738.42023,2021-03-19 08:00:00
1616198400000,225.52,236.66,224.21,227.11,104966.61491,2021-03-20 08:00:00
1616284800000,227.3,230.6,219.3,221.01,87570.52743,2021-03-21 08:00:00
1616371200000,220.88,222.83,204.0,206.6,119655.55741,2021-03-22 08:00:00
1616457600000,206.5,212.91,202.8,206.62,107103.69884,2021-03-23 08:00:00
1616544000000,206.71,214.4,187.12,190.75,117199.85737,2021-03-24 08:00:00
1616630400000,190.75,195.91,181.98,189.1,128879.63638,2021-03-25 08:00:00
1616716800000,188.94,203.83,188.24,203.51,87428.58345,2021-03-26 08:00:00
1616803200000,203.51,206.25,192.69,201.64,107486.00816,2021-03-27 08:00:00
1616889600000,201.58,207.89,195.87,207.72,96358.43084,2021-03-28 08:00:00
1616976000000,207.75,217.83,203.72,214.98,161645.07633,2021-03-29 08:00:00
1617062400000,214.95,219.98,210.14,216.3,137330.34949,2021-03-30 08:00:00
1617148800000,216.24,225.83,204.34,222.44,155928.53042,2021-03-31 08:00:00
1617235200000,222.27,237.13,220.34,233.44,219315.68822,2021-04-01 08:00:00
1617321600000,233.53,250.42,229.05,243.59,217516.17103,2021-04-02 08:00:00
1617408000000,243.4,249.85,221.64,222.84,179014.16271,2021-04-03 08:00:00
1617494400000,222.8,276.5,220.92,270.78,423737.90972,2021-04-04 08:00:00
1617580800000,270.79,278.72,253.19,273.66,278859.29348,2021-04-05 08:00:00
1617667200000,273.63,284.6,256.25,275.99,269125.20207,2021-04-06 08:00:00
1617753600000,276.09,293.68,244.4,253.45,384651.21391,2021-04-07 08:00:00
1617840000000,253.36,269.83,250.62,267.79,154259.74168,2021-04-08 08:00:00
1617926400000,267.98,274.11,261.06,265.1,125399.28422,2021-04-09 08:00:00
1618012800000,264.95,286.56,263.22,283.32,187862.41267,2021-04-10 08:00:00
1618099200000,283.31,294.85,278.5,286.79,182635.80778,2021-04-11 08:00:00
1618185600000,286.62,298.37,272.04,280.48,171130.74899,2021-04-12 08:00:00
1618272000000,280.31,300.97,276.86,294.31,211445.36708,2021-04-13 08:00:00
1618358400000,294.29,318.58,285.0,305.36,352466.64305,2021-04-14 08:00:00
1618444800000,305.23,330.0,297.85,326.8,217602.2341,2021-04-15 08:00:00
1618531200000,326.78,394.97,318.48,378.47,569434.07819,2021-04-16 08:00:00
1618617600000,378.31,411.6,352.0,356.64,386770.41474,2021-04-17 08:00:00
1618704000000,356.57,360.77,255.0,317.23,563736.07724,2021-04-18 08:00:00
1618790400000,317.22,326.7,277.83,294.09,325823.79034,2021-04-19 08:00:00
1618876800000,294.03,329.99,276.09,317.15,366215.96953,2021-04-20 08:00:00
1618963200000,317.3,328.48,293.0,294.62,256430.38292,2021-04-21 08:00:00
1619049600000,294.81,314.0,272.62,275.97,273983.81043,2021-04-22 08:00:00
1619136000000,275.77,282.3,232.0,262.52,388726.91482,2021-04-23 08:00:00
1619222400000,262.54,263.13,238.59,246.17,164115.40185,2021-04-24 08:00:00
1619308800000,246.05,269.39,233.58,247.06,205389.21052,2021-04-25 08:00:00
1619395200000,246.94,280.99,243.96,278.62,193254.19302,2021-04-26 08:00:00
1619481600000,278.57,293.11,274.4,292.8,178348.9228,2021-04-27 08:00:00
1619568000000,292.82,298.88,275.48,288.78,179199.85782,2021-04-28 08:00:00
1619654400000,288.74,289.98,273.69,286.63,143023.73586,2021-04-29 08:00:00
1619740800000,286.54,330.48,282.25,319.62,242711.74644,2021-04-30 08:00:00
1619827200000,319.7,328.78,307.56,321.98,143178.51406,2021-05-01 08:00:00
1619913600000,321.95,324.23,302.68,315.17,118386.13577,2021-05-02 08:00:00
1620000000000,315.23,350.0,314.52,342.75,259673.26926,2021-05-03 08:00:00
1620086400000,342.76,384.0,315.61,360.62,565658.49458,2021-05-04 08:00:00
1620172800000,360.85,420.0,357.92,396.74,548046.67742,2021-05-05 08:00:00
1620259200000,396.43,454.0,371.8,443.11,576297.62209,2021-05-06 08:00:00
1620345600000,442.87,478.0,391.0,404.11,505079.99877,2021-05-07 08:00:00
1620432000000,404.48,428.28,392.66,408.83,242237.36565,2021-05-08 08:00:00
1620518400000,409.26,410.09,372.0,406.96,254577.57373,2021-05-09 08:00:00
1620604800000,407.08,433.33,354.78,371.63,317816.2083,2021-05-10 08:00:00
1620691200000,371.39,434.43,360.49,426.74,299251.91158,2021-05-11 08:00:00
1620777600000,426.74,439.17,351.0,359.0,398862.92793,2021-05-12 08:00:00
1620864000000,358.56,384.5,336.92,357.29,352494.61062,2021-05-13 08:00:00
1620950400000,357.5,386.01,354.41,371.01,153905.32784,2021-05-14 08:00:00
1621036800000,371.01,374.78,333.69,336.28,199185.18445,2021-05-15 08:00:00
1621123200000,336.15,367.23,311.67,331.6,217015.60658,2021-05-16 08:00:00
1621209600000,331.44,331.85,281.35,294.45,370066.67888,2021-05-17 08:00:00
1621296000000,294.72,318.31,290.22,304.52,216644.02788,2021-05-18 08:00:00
1621382400000,304.64,310.4,140.73,189.04,744158.20324,2021-05-19 08:00:00
1621468800000,189.73,238.13,165.63,226.94,471119.01152,2021-05-20 08:00:00
1621555200000,226.97,235.57,165.19,188.34,384233.69396,2021-05-21 08:00:00
1621641600000,188.31,194.28,169.37,178.31,296652.85765,2021-05-22 08:00:00
1621728000000,178.14,184.02,122.51,149.93,517506.94062,2021-05-23 08:00:00
1621814400000,150.01,201.48,146.3,201.48,373905.92432,2021-05-24 08:00:00
1621900800000,201.48,216.06,176.14,195.0,381481.93012,2021-05-25 08:00:00
1621987200000,195.17,221.51,191.39,214.1,292941.41175,2021-05-26 08:00:00
1622073600000,214.09,215.18,191.47,205.1,211320.49341,2021-05-27 08:00:00
1622160000000,205.13,206.45,170.75,183.22,331623.12096,2021-05-28 08:00:00
1622246400000,183.25,210.34,170.63,176.53,381318.37904,2021-05-29 08:00:00
1622332800000,176.93,190.66,165.42,181.8,210084.63012,2021-05-30 08:00:00
1622419200000,181.88,198.62,172.92,197.42,186504.39322,2021-05-31 08:00:00
1622505600000,197.6,201.65,184.41,191.5,158953.7135,2021-06-01 08:00:00
1622592000000,191.49,209.42,186.83,202.42,189730.10124,2021-06-02 08:00:00
1622678400000,202.39,218.95,198.36,210.25,186665.09481,2021-06-03 08:00:00
1622764800000,210.33,210.33,180.38,191.25,196528.06678,2021-06-04 08:00:00
1622851200000,191.25,198.49,179.12,185.23,140283.97567,2021-06-05 08:00:00
1622937600000,185.17,193.19,182.02,185.45,109538.64745,2021-06-06 08:00:00
1623024000000,185.44,193.45,169.82,172.58,130603.83399,2021-06-07 08:00:00
1623110400000,172.55,174.97,152.77,166.22,194234.72999,2021-06-08 08:00:00
1623196800000,166.17,177.74,158.05,176.76,175698.25332,2021-06-09 08:00:00
1623283200000,176.84,179.77,164.56,170.04,125009.55389,2021-06-10 08:00:00
1623369600000,170.21,174.0,163.32,165.71,115459.42495,2021-06-11 08:00:00
1623456000000,165.69,165.77,154.28,163.5,112966.47461,2021-06-12 08:00:00
1623542400000,163.6,172.89,157.09,172.55,112692.45739,2021-06-13 08:00:00
1623628800000,172.53,178.0,167.61,177.91,124747.64164,2021-06-14 08:00:00
1623715200000,177.92,179.0,169.61,171.94,97218.48363,2021-06-15 08:00:00
1623801600000,171.93,174.82,163.29,164.5,117473.98476,2021-06-16 08:00:00
1623888000000,164.5,173.93,160.48,163.93,112292.24552,2021-06-17 08:00:00
1623974400000,164.04,164.95,150.75,155.32,101371.474,2021-06-18 08:00:00
1624060800000,155.36,160.83,150.94,150.94,90592.34162,2021-06-19 08:00:00
1624147200000,150.94,155.51,141.4,153.28,122839.70904,2021-06-20 08:00:00
1624233600000,153.34,154.14,122.78,123.09,237050.63994,2021-06-21 08:00:00
1624320000000,123.06,131.42,101.7,119.37,370156.09445,2021-06-22 08:00:00
1624406400000,119.52,131.58,113.96,127.43,178224.82228,2021-06-23 08:00:00
1624492800000,127.42,134.69,120.38,131.43,138407.38931,2021-06-24 08:00:00
1624579200000,131.46,134.61,119.04,119.77,199032.48581,2021-06-25 08:00:00
1624665600000,119.83,126.35,115.19,124.32,175541.87771,2021-06-26 08:00:00
1624752000000,124.37,127.76,118.26,127.22,144112.75131,2021-06-27 08:00:00
1624838400000,127.22,134.17,124.69,132.23,129781.67728,2021-06-28 08:00:00
1624924800000,132.25,148.18,130.47,140.85,169862.10546,2021-06-29 08:00:00
1625011200000,140.73,146.64,134.22,145.62,159439.57006,2021-06-30 08:00:00
1625097600000,145.67,145.67,133.07,138.16,109112.96432,2021-07-01 08:00:00
1625184000000,138.14,140.57,129.55,135.35,83307.98601,2021-07-02 08:00:00
1625270400000,135.35,140.22,132.27,138.81,64702.94846,2021-07-03 08:00:00
1625356800000,138.77,143.45,133.72,140.22,74782.55312,2021-07-04 08:00:00
1625443200000,140.24,140.24,129.19,132.52,95566.28771,2021-07-05 08:00:00
1625529600000,132.57,138.66,131.83,134.94,91668.79865,2021-07-06 08:00:00
1625616000000,134.9,139.29,133.51,135.15,83907.63769,2021-07-07 08:00:00
1625702400000,135.1,135.11,123.48,126.48,101184.64615,2021-07-08 08:00:00
1625788800000,126.51,130.39,121.06,128.41,79930.86561,2021-07-09 08:00:00
1625875200000,128.42,131.12,125.17,128.42,79490.05999,2021-07-10 08:00:00
1625961600000,128.46,130.91,125.21,128.44,70646.47101,2021-07-11 08:00:00
1626048000000,128.45,135.09,125.05,126.62,127413.59711,2021-07-12 08:00:00
1626134400000,126.62,127.81,121.77,123.93,76014.11774,2021-07-13 08:00:00
1626220800000,123.94,124.83,115.46,123.25,93598.06718,2021-07-14 08:00:00
1626307200000,123.19,125.08,116.38,122.87,91016.39947,2021-07-15 08:00:00
1626393600000,122.9,124.23,114.39,114.77,101437.50375,2021-07-16 08:00:00
1626480000000,114.76,118.96,113.32,116.08,75066.8641,2021-07-17 08:00:00
1626566400000,116.09,122.0,114.79,115.78,70758.56981,2021-07-18 08:00:00
1626652800000,115.75,188.0,109.52,137.98,1060666.99169,2021-07-19 08:00:00
1626739200000,138.04,147.46,115.15,125.26,832482.21052,2021-07-20 08:00:00
1626825600000,125.22,151.6,124.18,139.02,476958.67148,2021-07-21 08:00:00
1626912000000,139.04,146.59,135.24,142.2,250180.96569,2021-07-22 08:00:00
1626998400000,142.25,145.74,135.37,142.76,157199.32691,2021-07-23 08:00:00
1627084800000,142.79,149.0,138.07,140.89,192698.21199,2021-07-24 08:00:00
1627171200000,140.87,142.99,136.55,139.6,123894.32943,2021-07-25 08:00:00
1627257600000,139.62,157.0,138.78,142.17,259813.22833,2021-07-26 08:00:00
1627344000000,142.11,147.68,137.4,146.04,145906.11031,2021-07-27 08:00:00
1627430400000,146.02,156.77,142.85,152.63,204053.96718,2021-07-28 08:00:00
1627516800000,152.63,165.0,147.86,164.24,158518.09308,2021-07-29 08:00:00
1627603200000,164.29,167.33,153.5,165.36,152491.28267,2021-07-30 08:00:00
1627689600000,165.47,168.16,159.62,163.77,82044.44651,2021-07-31 08:00:00
1627776000000,163.72,173.95,157.74,160.19,117267.80122,2021-08-01 08:00:00
1627862400000,160.16,164.36,156.04,161.75,87619.05408,2021-08-02 08:00:00
1627948800000,161.66,163.97,153.28,156.41,83938.48217,2021-08-03 08:00:00
1628035200000,156.46,164.5,151.08,161.58,107508.83578,2021-08-04 08:00:00
1628121600000,161.59,165.22,154.88,164.41,113527.61187,2021-08-05 08:00:00
1628208000000,164.43,168.28,160.11,167.19,104216.57695,2021-08-06 08:00:00
1628294400000,167.28,173.54,164.06,170.34,182662.51421,2021-08-07 08:00:00
1628380800000,170.34,172.35,159.45,161.62,118453.46103,2021-08-08 08:00:00
1628467200000,161.65,181.18,156.7,179.06,181924.74985,2021-08-09 08:00:00
1628553600000,179.08,180.18,169.17,175.82,130499.26123,2021-08-10 08:00:00
1628640000000,175.8,188.0,175.63,181.49,145460.50002,2021-08-11 08:00:00
1628726400000,181.35,190.62,170.3,180.2,142525.83774,2021-08-12 08:00:00
1628812800000,180.22,204.74,177.76,204.6,136171.16821,2021-08-13 08:00:00
1628899200000,204.67,205.0,190.39,199.02,163089.42286,2021-08-14 08:00:00
1628985600000,199.01,217.45,191.07,215.87,150911.23374,2021-08-15 08:00:00
1629072000000,215.78,216.78,198.95,200.98,142422.80328,2021-08-16 08:00:00
1629158400000,201.24,211.59,185.73,194.76,218049.64872,2021-08-17 08:00:00
1629244800000,194.81,213.77,186.0,209.79,215812.8559,2021-08-18 08:00:00
1629331200000,209.83,221.22,199.0,220.09,178478.35557,2021-08-19 08:00:00
1629417600000,220.17,235.69,218.31,232.73,184318.98459,2021-08-20 08:00:00
1629504000000,232.69,248.88,226.75,237.27,205263.37012,2021-08-21 08:00:00
1629590400000,237.3,257.0,230.0,255.26,190276.54182,2021-08-22 08:00:00
1629676800000,255.27,284.98,254.62,270.58,337422.94948,2021-08-23 08:00:00
1629763200000,270.43,274.02,243.45,248.16,167702.35378,2021-08-24 08:00:00
1629849600000,248.26,264.68,239.27,264.46,140378.65866,2021-08-25 08:00:00
1629936000000,264.44,265.0,230.3,232.1,145323.26559,2021-08-26 08:00:00
1630022400000,232.1,243.8,222.2,242.3,168992.68161,2021-08-27 08:00:00
1630108800000,242.3,243.1,234.4,236.4,76326.603,2021-08-28 08:00:00
1630195200000,236.6,247.2,224.4,225.3,129194.952,2021-08-29 08:00:00
1630281600000,225.2,232.3,214.9,216.6,134065.42047,2021-08-30 08:00:00
1630368000000,216.5,229.0,212.6,223.7,99317.61868,2021-08-31 08:00:00
1630454400000,223.6,240.5,216.1,238.9,124660.384,2021-09-01 08:00:00
1630540800000,239.0,246.1,235.1,239.0,107430.875,2021-09-02 08:00:00
1630627200000,239.1,251.4,233.0,247.5,115032.633,2021-09-03 08:00:00
1630713600000,247.6,256.5,245.0,251.8,100638.13327,2021-09-04 08:00:00
1630800000000,251.8,268.9,248.2,264.4,130996.71982,2021-09-05 08:00:00
1630886400000,264.4,265.5,249.4,255.7,125391.442,2021-09-06 08:00:00
1630972800000,255.7,256.5,185.0,207.3,345910.99702,2021-09-07 08:00:00
1631059200000,207.4,211.9,184.37,201.7,237059.19349,2021-09-08 08:00:00
1631145600000,201.9,208.0,194.6,202.5,165899.673,2021-09-09 08:00:00
1631232000000,202.5,214.9,187.1,192.9,190445.652,2021-09-10 08:00:00
1631318400000,193.0,203.9,191.6,194.1,107005.65,2021-09-11 08:00:00
1631404800000,194.1,206.4,189.1,203.5,98020.591,2021-09-12 08:00:00
1631491200000,203.6,215.0,186.5,196.6,179592.687,2021-09-13 08:00:00
1631577600000,196.6,206.0,194.7,205.7,91314.533,2021-09-14 08:00:00
1631664000000,205.7,209.8,202.4,209.0,86184.38,2021-09-15 08:00:00
1631750400000,209.1,219.7,202.5,208.3,154659.056,2021-09-16 08:00:00
1631836800000,208.3,209.4,194.9,199.3,85120.979,2021-09-17 08:00:00
1631923200000,199.3,205.6,195.3,199.4,69942.163,2021-09-18 08:00:00
1632009600000,199.4,201.2,190.3,192.9,70902.2,2021-09-19 08:00:00
1632096000000,193.0,193.4,167.8,170.1,200021.30698,2021-09-20 08:00:00
1632182400000,170.1,177.0,154.9,157.4,182848.47699,2021-09-21 08:00:00
1632268800000,157.3,176.2,154.1,175.5,98879.488,2021-09-22 08:00:00
1632355200000,175.5,185.1,171.6,184.7,158759.49,2021-09-23 08:00:00
1632441600000,184.6,185.3,156.3,165.5,218293.761,2021-09-24 08:00:00
1632528000000,165.5,171.9,159.1,164.4,118601.292,2021-09-25 08:00:00
1632614400000,164.4,165.2,150.6,162.0,135192.13353,2021-09-26 08:00:00
1632700800000,162.0,167.4,153.5,153.7,114075.62,2021-09-27 08:00:00
1632787200000,153.7,158.6,146.3,147.3,132424.67796,2021-09-28 08:00:00
1632873600000,147.2,160.8,146.5,152.6,124930.578,2021-09-29 08:00:00
1632960000000,152.6,170.0,151.8,166.0,111862.022,2021-09-30 08:00:00
1633046400000,166.2,177.0,163.3,176.8,145656.179,2021-10-01 08:00:00
1633132800000,176.7,182.9,171.7,177.8,96890.716,2021-10-02 08:00:00
1633219200000,177.6,182.2,173.6,178.2,119075.07,2021-10-03 08:00:00
1633305600000,178.3,180.3,167.9,174.2,122603.897,2021-10-04 08:00:00
1633392000000,174.3,184.9,171.7,182.5,112515.45,2021-10-05 08:00:00
1633478400000,182.6,190.7,170.6,185.1,198804.054,2021-10-06 08:00:00
1633564800000,185.2,198.3,179.9,189.2,201750.504,2021-10-07 08:00:00
1633651200000,189.2,198.8,186.2,189.5,119565.717,2021-10-08 08:00:00
1633737600000,189.6,194.6,186.5,193.7,89195.132,2021-10-09 08:00:00
1633824000000,193.7,195.7,181.4,182.3,83080.998,2021-10-10 08:00:00
1633910400000,182.1,191.1,178.2,183.0,98373.549,2021-10-11 08:00:00
1633996800000,182.9,182.9,170.3,180.7,128864.976,2021-10-12 08:00:00
1634083200000,180.8,183.8,173.0,183.3,144862.428,2021-10-13 08:00:00
1634169600000,183.4,189.7,182.3,186.7,89177.598,2021-10-14 08:00:00
1634256000000,186.8,194.9,181.7,194.0,126992.671,2021-10-15 08:00:00
1634342400000,194.1,198.4,189.4,190.4,103527.255,2021-10-16 08:00:00
1634428800000,190.4,192.8,178.7,186.1,80517.839,2021-10-17 08:00:00
1634515200000,186.1,190.6,180.4,186.8,91057.046,2021-10-18 08:00:00
1634601600000,186.7,195.1,186.1,194.1,111610.475,2021-10-19 08:00:00
1634688000000,194.0,205.9,189.4,201.7,134674.851,2021-10-20 08:00:00
1634774400000,201.6,208.2,192.8,196.7,156104.603,2021-10-21 08:00:00
1634860800000,196.6,203.3,192.4,195.3,98324.091,2021-10-22 08:00:00
1634947200000,195.3,198.8,191.4,197.7,69900.694,2021-10-23 08:00:00
1635033600000,197.8,214.1,196.9,202.7,284207.315,2021-10-24 08:00:00
1635120000000,202.6,209.7,201.3,208.5,114373.677,2021-10-25 08:00:00
1635206400000,208.6,208.7,195.0,198.5,100522.662,2021-10-26 08:00:00
1635292800000,198.6,202.0,170.1,175.4,216841.238,2021-10-27 08:00:00
1635379200000,175.4,186.5,173.0,183.5,140119.366,2021-10-28 08:00:00
1635465600000,183.6,189.2,181.7,187.7,97228.527,2021-10-29 08:00:00
1635552000000,187.7,189.4,176.8,183.7,115328.356,2021-10-30 08:00:00
1635638400000,183.7,199.6,183.4,192.7,178819.991,2021-10-31 08:00:00
1635724800000,192.7,194.7,183.5,189.1,102977.47,2021-11-01 08:00:00
1635811200000,189.1,202.8,187.5,200.1,119924.508,2021-11-02 08:00:00
1635897600000,200.1,205.5,193.0,201.9,164545.991,2021-11-03 08:00:00
1635984000000,201.9,204.5,193.7,198.7,113462.572,2021-11-04 08:00:00
1636070400000,198.7,199.8,191.5,194.4,71073.906,2021-11-05 08:00:00
1636156800000,194.3,197.9,185.2,191.1,80479.3,2021-11-06 08:00:00
1636243200000,191.1,193.9,189.6,193.9,48314.027,2021-11-07 08:00:00
1636329600000,193.8,213.2,193.3,211.9,194631.474,2021-11-08 08:00:00
1636416000000,212.0,239.0,210.9,234.5,462387.144,2021-11-09 08:00:00
1636502400000,234.5,247.8,208.0,217.0,354254.857,2021-11-10 08:00:00
1636588800000,217.1,235.0,213.0,231.7,211886.907,2021-11-11 08:00:00
1636675200000,231.7,236.2,212.2,221.3,169481.661,2021-11-12 08:00:00
1636761600000,221.4,232.6,217.2,228.9,143445.267,2021-11-13 08:00:00
1636848000000,228.9,232.0,220.0,229.0,91549.214,2021-11-14 08:00:00
1636934400000,229.1,240.3,223.6,224.5,148586.25,2021-11-15 08:00:00
1637020800000,224.4,224.5,188.6,198.5,271549.427,2021-11-16 08:00:00
1637107200000,198.4,200.7,184.6,189.3,225305.929,2021-11-17 08:00:00
1637193600000,189.4,191.0,169.7,175.7,236570.879,2021-11-18 08:00:00
1637280000000,175.6,189.4,173.9,189.3,149341.506,2021-11-19 08:00:00
1637366400000,189.3,198.1,186.0,193.7,145122.252,2021-11-20 08:00:00
1637452800000,193.7,208.7,187.2,207.2,168082.07,2021-11-21 08:00:00
1637539200000,207.3,209.0,188.5,198.0,246454.71,2021-11-22 08:00:00
1637625600000,197.8,200.9,184.6,187.5,166510.124,2021-11-23 08:00:00
1637712000000,187.5,205.0,184.3,204.2,354140.415,2021-11-24 08:00:00
1637798400000,204.2,215.6,202.2,214.7,196362.602,2021-11-25 08:00:00
1637884800000,214.8,215.5,178.4,183.6,225797.106,2021-11-26 08:00:00
1637971200000,183.6,189.9,180.6,182.4,114192.13,2021-11-27 08:00:00
1638057600000,182.4,183.1,164.0,178.6,211058.364,2021-11-28 08:00:00
1638144000000,178.6,184.4,175.6,181.9,133714.163,2021-11-29 08:00:00
1638230400000,181.9,186.3,174.4,180.0,156221.821,2021-11-30 08:00:00
1638316800000,180.0,185.5,176.6,178.2,107979.42,2021-12-01 08:00:00
1638403200000,178.2,178.3,172.3,176.0,85313.077,2021-12-02 08:00:00
1638489600000,176.0,180.3,159.3,167.2,120298.789,2021-12-03 08:00:00
1638576000000,167.1,167.7,110.2,142.6,404803.47577,2021-12-04 08:00:00
1638662400000,142.5,145.0,126.3,134.5,172310.004,2021-12-05 08:00:00
1638748800000,134.5,140.0,122.0,137.4,200981.736,2021-12-06 08:00:00
1638835200000,137.4,144.7,135.6,138.2,153328.701,2021-12-07 08:00:00
1638921600000,138.1,148.8,135.0,147.6,184237.933,2021-12-08 08:00:00
1639008000000,147.6,151.5,135.6,136.0,183261.617,2021-12-09 08:00:00
1639094400000,136.1,141.6,131.3,133.0,113031.129,2021-12-10 08:00:00
1639180800000,133.1,141.8,130.5,140.6,91463.831,2021-12-11 08:00:00
1639267200000,140.6,140.9,133.9,138.2,63092.617,2021-12-12 08:00:00
1639353600000,138.2,139.9,123.7,126.4,108871.653,2021-12-13 08:00:00
1639440000000,126.3,134.3,124.6,131.6,125769.877,2021-12-14 08:00:00
1639526400000,131.6,136.8,124.2,134.2,136467.912,2021-12-15 08:00:00
1639612800000,134.2,136.0,129.8,130.3,84272.743,2021-12-16 08:00:00
1639699200000,130.4,132.4,124.0,128.3,88089.57,2021-12-17 08:00:00
1639785600000,128.4,132.4,126.3,129.6,59682.279,2021-12-18 08:00:00
1639872000000,129.6,133.2,128.6,129.1,62858.603,2021-12-19 08:00:00
1639958400000,129.0,130.1,122.5,127.2,103363.203,2021-12-20 08:00:00
1640044800000,127.3,134.9,125.5,133.7,93739.592,2021-12-21 08:00:00
1640131200000,133.7,142.9,131.2,135.1,117638.75,2021-12-22 08:00:00
1640217600000,135.2,147.4,131.6,146.7,164425.913,2021-12-23 08:00:00
1640304000000,146.7,157.8,144.8,149.4,252898.398,2021-12-24 08:00:00
1640390400000,149.5,153.7,148.1,150.0,98831.283,2021-12-25 08:00:00
1640476800000,150.0,151.1,145.0,149.1,74104.224,2021-12-26 08:00:00
1640563200000,149.2,155.8,149.0,150.9,83240.039,2021-12-27 08:00:00
1640649600000,150.9,151.1,134.6,134.8,169037.833,2021-12-28 08:00:00
1640736000000,134.7,136.9,131.2,133.3,107339.489,2021-12-29 08:00:00
1640822400000,133.3,135.8,129.4,133.1,101804.916,2021-12-30 08:00:00
1640908800000,133.0,142.5,131.0,133.6,153278.079,2021-12-31 08:00:00
1640995200000,133.7,139.4,133.6,138.1,61606.146,2022-01-01 08:00:00
1641081600000,138.2,143.2,136.3,142.0,67394.149,2022-01-02 08:00:00
1641168000000,142.0,142.9,136.2,139.1,84818.528,2022-01-03 08:00:00
1641254400000,139.2,139.9,133.4,134.7,99843.809,2022-01-04 08:00:00
1641340800000,134.7,137.0,117.0,122.6,160968.362,2022-01-05 08:00:00
1641427200000,122.6,125.4,117.8,124.3,120702.405,2022-01-06 08:00:00
1641513600000,124.3,135.0,115.4,134.5,361751.135,2022-01-07 08:00:00
1641600000000,134.6,147.0,131.6,141.9,416745.311,2022-01-08 08:00:00
1641686400000,141.9,157.8,140.5,153.1,279639.471,2022-01-09 08:00:00
1641772800000,153.1,155.0,139.9,148.0,272950.834,2022-01-10 08:00:00
1641859200000,147.9,156.2,141.0,141.7,158099.72,2022-01-11 08:00:00
1641945600000,141.7,144.7,138.4,143.6,150986.493,2022-01-12 08:00:00
1642032000000,143.6,144.8,137.2,141.4,131625.92,2022-01-13 08:00:00
1642118400000,141.4,146.9,138.9,141.1,133836.46,2022-01-14 08:00:00
1642204800000,141.1,142.5,138.6,141.5,59338.064,2022-01-15 08:00:00
1642291200000,141.5,142.8,135.9,137.4,83609.515,2022-01-16 08:00:00
1642377600000,137.4,138.3,132.7,135.8,99168.029,2022-01-17 08:00:00
1642464000000,135.7,137.0,127.3,130.6,97442.574,2022-01-18 08:00:00
1642550400000,130.5,132.1,126.1,126.7,111798.124,2022-01-19 08:00:00
1642636800000,126.7,133.7,120.6,121.2,91246.434,2022-01-20 08:00:00
1642723200000,121.1,122.3,102.5,105.7,214341.86341,2022-01-21 08:00:00
1642809600000,105.7,107.7,85.2,97.0,365756.03682,2022-01-22 08:00:00
1642896000000,97.0,100.9,93.0,99.6,173761.37,2022-01-23 08:00:00
1642982400000,99.4,100.3,80.5,90.5,547786.86616,2022-01-24 08:00:00
1643068800000,90.5,92.5,87.9,89.4,146828.698,2022-01-25 08:00:00
1643155200000,89.5,99.2,88.4,93.0,187678.006,2022-01-26 08:00:00
1643241600000,93.0,94.2,87.2,91.7,140423.279,2022-01-27 08:00:00
1643328000000,91.6,96.1,89.7,95.5,127422.85,2022-01-28 08:00:00
1643414400000,95.4,97.9,93.3,96.5,103707.131,2022-01-29 08:00:00
1643500800000,96.5,98.2,92.0,92.8,104928.765,2022-01-30 08:00:00
1643587200000,92.7,95.0,88.2,94.1,122287.816,2022-01-31 08:00:00
1643673600000,94.2,97.5,93.8,97.3,77923.475,2022-02-01 08:00:00
1643760000000,97.2,99.5,92.0,92.9,90535.018,2022-02-02 08:00:00
1643846400000,92.8,95.3,90.2,95.0,80355.883,2022-02-03 08:00:00
1643932800000,95.1,103.2,94.3,102.9,116284.943,2022-02-04 08:00:00
1644019200000,103.0,106.6,100.9,103.6,139028.528,2022-02-05 08:00:00
1644105600000,103.5,109.0,102.4,108.6,97296.351,2022-02-06 08:00:00
1644192000000,108.7,117.1,105.9,115.8,128663.991,2022-02-07 08:00:00
1644278400000,115.8,119.5,109.4,112.8,147541.455,2022-02-08 08:00:00
1644364800000,112.8,118.3,110.2,115.0,98487.702,2022-02-09 08:00:00
1644451200000,115.0,117.5,109.7,111.6,122410.097,2022-02-10 08:00:00
1644537600000,111.7,114.6,102.7,104.1,117781.247,2022-02-11 08:00:00
1644624000000,104.1,106.7,100.0,104.1,95407.758,2022-02-12 08:00:00
1644710400000,104.0,106.3,100.7,102.0,80731.719,2022-02-13 08:00:00
1644796800000,102.0,104.8,98.6,103.8,75486.095,2022-02-14 08:00:00
1644883200000,103.8,109.9,103.6,109.3,75059.921,2022-02-15 08:00:00
1644969600000,109.3,116.2,106.1,115.4,124826.002,2022-02-16 08:00:00
1645056000000,115.4,118.8,103.2,104.7,219187.059,2022-02-17 08:00:00
1645142400000,104.7,110.6,103.5,105.3,138132.689,2022-02-18 08:00:00
1645228800000,105.3,106.7,99.8,102.4,98616.19,2022-02-19 08:00:00
1645315200000,102.5,102.6,95.0,98.1,110825.487,2022-02-20 08:00:00
1645401600000,98.1,101.5,86.3,86.9,282580.402,2022-02-21 08:00:00
1645488000000,87.0,94.0,84.3,93.6,134606.696,2022-02-22 08:00:00
1645574400000,93.7,96.3,88.1,88.2,112163.016,2022-02-23 08:00:00
1645660800000,88.2,91.1,77.0,87.8,274353.68917,2022-02-24 08:00:00
1645747200000,87.8,94.1,86.1,92.7,121218.906,2022-02-25 08:00:00
1645833600000,92.7,96.2,91.6,93.7,81362.427,2022-02-26 08:00:00
1645920000000,93.7,95.5,86.2,88.2,130049.207,2022-02-27 08:00:00
1646006400000,88.2,100.6,86.6,100.5,124842.804,2022-02-28 08:00:00
1646092800000,100.4,103.0,96.5,100.1,153427.241,2022-03-01 08:00:00
1646179200000,100.0,103.7,96.7,100.8,134688.083,2022-03-02 08:00:00
1646265600000,100.9,102.9,94.8,96.8,131814.914,2022-03-03 08:00:00
1646352000000,96.7,97.1,87.8,89.5,122490.16,2022-03-04 08:00:00
1646438400000,89.5,90.4,86.7,89.6,63796.976,2022-03-05 08:00:00
1646524800000,89.6,90.7,84.9,85.6,79330.569,2022-03-06 08:00:00
1646611200000,85.7,90.6,83.5,85.9,141534.612,2022-03-07 08:00:00
1646697600000,85.8,97.5,85.4,96.4,193594.354,2022-03-08 08:00:00
1646784000000,96.4,101.9,95.5,99.8,225448.926,2022-03-09 08:00:00
1646870400000,99.7,105.5,92.9,104.6,367042.791,2022-03-10 08:00:00
1646956800000,104.6,104.7,94.8,95.1,233785.126,2022-03-11 08:00:00
1647043200000,95.0,101.2,94.9,99.1,125587.32,2022-03-12 08:00:00
1647129600000,99.0,103.0,92.0,93.7,142420.51,2022-03-13 08:00:00
1647216000000,93.7,98.9,92.2,98.1,133662.007,2022-03-14 08:00:00
1647302400000,98.2,98.5,92.9,95.2,120462.185,2022-03-15 08:00:00
1647388800000,95.2,99.9,94.4,98.4,147466.64,2022-03-16 08:00:00
1647475200000,98.3,100.6,96.1,96.4,115882.218,2022-03-17 08:00:00
1647561600000,96.4,99.6,93.1,98.8,149350.026,2022-03-18 08:00:00
1647648000000,98.7,104.7,98.7,103.0,142572.572,2022-03-19 08:00:00
1647734400000,103.0,118.2,101.2,115.7,544298.352,2022-03-20 08:00:00
1647820800000,115.6,124.1,112.3,123.7,494726.53,2022-03-21 08:00:00
1647907200000,123.7,133.0,121.4,130.7,356659.891,2022-03-22 08:00:00
1647993600000,130.8,138.8,126.4,129.7,372734.735,2022-03-23 08:00:00
1648080000000,129.7,134.0,123.2,130.0,278096.728,2022-03-24 08:00:00
1648166400000,130.0,132.5,121.8,126.2,234578.86,2022-03-25 08:00:00
1648252800000,126.1,131.9,125.3,128.2,172951.183,2022-03-26 08:00:00
1648339200000,128.1,133.3,124.8,133.0,133877.855,2022-03-27 08:00:00
1648425600000,132.9,138.2,126.0,127.6,266643.421,2022-03-28 08:00:00
1648512000000,127.6,135.9,127.1,130.3,191768.627,2022-03-29 08:00:00
1648598400000,130.3,137.0,126.2,133.0,180025.156,2022-03-30 08:00:00
1648684800000,133.1,137.2,125.3,127.2,219978.479,2022-03-31 08:00:00
1648771200000,127.1,130.7,121.1,128.0,167338.09,2022-04-01 08:00:00
1648857600000,128.0,131.5,126.4,127.4,147111.792,2022-04-02 08:00:00
1648944000000,127.4,135.0,124.5,132.6,150972.492,2022-04-03 08:00:00
1649030400000,132.7,134.5,125.6,133.2,197705.503,2022-04-04 08:00:00
1649116800000,133.2,136.5,126.4,126.9,176455.708,2022-04-05 08:00:00
1649203200000,126.9,127.1,113.2,113.6,241243.97,2022-04-06 08:00:00
1649289600000,113.6,117.8,111.0,116.9,113942.456,2022-04-07 08:00:00
1649376000000,116.8,118.1,108.5,110.9,145358.236,2022-04-08 08:00:00
1649462400000,110.8,118.0,110.5,114.7,137353.212,2022-04-09 08:00:00
1649548800000,114.8,115.7,110.3,111.1,86660.689,2022-04-10 08:00:00
1649635200000,111.1,112.3,98.7,100.8,173784.184,2022-04-11 08:00:00
1649721600000,100.7,105.4,99.5,102.4,95890.015,2022-04-12 08:00:00
1649808000000,102.4,107.2,101.1,105.2,120138.895,2022-04-13 08:00:00
1649894400000,105.2,115.3,101.5,106.2,117289.013,2022-04-14 08:00:00
1649980800000,106.2,111.3,105.8,109.3,133915.751,2022-04-15 08:00:00
1650067200000,109.2,110.4,106.6,108.3,54508.18,2022-04-16 08:00:00
1650153600000,108.3,109.8,104.1,104.4,65999.71,2022-04-17 08:00:00
1650240000000,104.3,108.9,100.8,108.7,123325.012,2022-04-18 08:00:00
1650326400000,108.8,110.7,106.0,109.6,98620.148,2022-04-19 08:00:00
1650412800000,109.6,109.7,105.2,107.0,91714.067,2022-04-20 08:00:00
1650499200000,107.0,109.9,99.8,102.1,120171.953,2022-04-21 08:00:00
1650585600000,102.1,106.0,101.3,103.7,92894.833,2022-04-22 08:00:00
1650672000000,103.7,104.5,101.1,101.9,49857.677,2022-04-23 08:00:00
1650758400000,101.8,102.5,98.8,99.9,54113.841,2022-04-24 08:00:00
1650844800000,100.0,100.1,93.2,99.4,115236.197,2022-04-25 08:00:00
1650931200000,99.4,101.3,91.5,93.1,100477.023,2022-04-26 08:00:00
1651017600000,93.1,96.3,92.3,95.5,58861.798,2022-04-27 08:00:00
1651104000000,95.5,99.9,94.7,96.5,104609.068,2022-04-28 08:00:00
1651190400000,96.4,100.0,90.5,92.0,102657.006,2022-04-29 08:00:00
1651276800000,92.1,94.5,80.6,84.7,114285.727,2022-04-30 08:00:00
1651363200000,84.7,90.6,83.8,90.0,97377.891,2022-05-01 08:00:00
1651449600000,90.0,91.0,86.4,89.3,74717.909,2022-05-02 08:00:00
1651536000000,89.2,90.8,86.4,88.2,55599.054,2022-05-03 08:00:00
1651622400000,88.2,96.0,87.8,95.8,77059.635,2022-05-04 08:00:00
1651708800000,95.9,97.6,85.2,87.4,136668.747,2022-05-05 08:00:00
1651795200000,87.5,88.5,84.4,87.7,100431.11,2022-05-06 08:00:00
1651881600000,87.8,87.9,81.5,83.5,64157.605,2022-05-07 08:00:00
1651968000000,83.6,85.4,79.9,83.0,117976.934,2022-05-08 08:00:00
1652054400000,83.0,85.7,69.0,69.9,285202.52123,2022-05-09 08:00:00
1652140800000,69.8,79.1,68.2,73.3,288885.405,2022-05-10 08:00:00
1652227200000,73.4,74.6,53.5,58.3,418928.43979,2022-05-11 08:00:00
1652313600000,58.2,61.7,45.0,53.8,516985.78234,2022-05-12 08:00:00
1652400000000,53.9,62.7,52.7,58.1,240085.589,2022-05-13 08:00:00
1652486400000,58.0,61.5,55.1,60.9,146376.287,2022-05-14 08:00:00
1652572800000,61.0,63.1,58.4,63.1,182884.857,2022-05-15 08:00:00
1652659200000,63.0,63.2,55.3,57.9,191685.263,2022-05-16 08:00:00
1652745600000,58.0,61.2,56.5,60.2,125031.57,2022-05-17 08:00:00
1652832000000,60.2,61.7,55.3,55.7,135983.472,2022-05-18 08:00:00
1652918400000,55.8,59.4,53.4,58.9,138689.552,2022-05-19 08:00:00
1653004800000,58.9,60.4,55.8,57.4,150400.519,2022-05-20 08:00:00
1653091200000,57.3,58.3,55.8,57.1,98287.852,2022-05-21 08:00:00
1653177600000,57.1,62.0,56.5,61.6,100955.957,2022-05-22 08:00:00
1653264000000,61.5,64.8,58.9,59.8,159507.722,2022-05-23 08:00:00
1653350400000,59.9,62.6,58.1,62.4,116409.607,2022-05-24 08:00:00
1653436800000,62.3,64.2,60.8,62.3,159829.898,2022-05-25 08:00:00
1653523200000,62.3,63.5,55.8,58.2,168399.614,2022-05-26 08:00:00
1653609600000,58.2,58.9,54.1,54.8,138894.55,2022-05-27 08:00:00
1653696000000,54.8,57.0,54.2,56.5,86910.331,2022-05-28 08:00:00
1653782400000,56.5,57.9,55.2,57.8,63034.071,2022-05-29 08:00:00
1653868800000,57.9,63.5,57.4,63.3,124856.428,2022-05-30 08:00:00
1653955200000,63.2,65.4,60.3,64.6,136840.327,2022-05-31 08:00:00
1654041600000,64.7,68.0,58.6,59.1,173278.727,2022-06-01 08:00:00
1654128000000,59.1,60.3,58.0,59.9,81985.166,2022-06-02 08:00:00
1654214400000,59.9,60.0,56.3,58.2,89186.378,2022-06-03 08:00:00
1654300800000,58.2,59.3,57.2,58.6,39861.028,2022-06-04 08:00:00
1654387200000,58.7,59.3,57.7,58.6,27243.273,2022-06-05 08:00:00
1654473600000,58.6,62.0,58.4,60.1,69371.652,2022-06-06 08:00:00
1654560000000,60.1,60.8,56.0,58.3,93474.651,2022-06-07 08:00:00
1654646400000,58.4,59.4,57.3,58.1,58519.258,2022-06-08 08:00:00
1654732800000,58.1,58.6,57.1,57.7,42513.39,2022-06-09 08:00:00
1654819200000,57.8,58.0,52.9,53.9,97170.199,2022-06-10 08:00:00
1654905600000,54.0,54.6,48.4,49.0,93917.644,2022-06-11 08:00:00
1654992000000,49.0,49.8,45.5,46.2,115892.312,2022-06-12 08:00:00
1655078400000,46.1,46.5,39.4,42.6,279069.70858,2022-06-13 08:00:00
1655164800000,42.6,44.7,39.0,43.4,211188.08,2022-06-14 08:00:00
1655251200000,43.4,46.0,38.6,45.9,236010.125,2022-06-15 08:00:00
1655337600000,45.9,46.5,41.1,41.9,116286.724,2022-06-16 08:00:00
1655424000000,41.9,44.4,41.4,43.6,71334.603,2022-06-17 08:00:00
1655510400000,43.7,44.3,38.6,41.6,119215.493,2022-06-18 08:00:00
1655596800000,41.6,45.3,39.9,44.3,94742.065,2022-06-19 08:00:00
1655683200000,44.4,46.3,43.0,45.4,95327.922,2022-06-20 08:00:00
1655769600000,45.4,48.6,44.6,47.1,89028.315,2022-06-21 08:00:00
1655856000000,47.1,47.3,44.4,45.1,71685.858,2022-06-22 08:00:00
1655942400000,45.2,48.9,45.1,48.6,73346.071,2022-06-23 08:00:00
1656028800000,48.7,52.7,48.5,51.8,88889.065,2022-06-24 08:00:00
1656115200000,51.7,52.8,49.6,52.3,53448.674,2022-06-25 08:00:00
1656201600000,52.3,53.4,49.2,49.3,51893.535,2022-06-26 08:00:00
1656288000000,49.3,51.7,48.5,49.1,64193.351,2022-06-27 08:00:00
1656374400000,49.1,49.9,45.8,46.4,63602.51,2022-06-28 08:00:00
1656460800000,46.3,47.2,43.9,44.5,100533.219,2022-06-29 08:00:00
1656547200000,44.6,44.9,40.2,42.3,110672.748,2022-06-30 08:00:00
1656633600000,42.3,43.5,40.7,41.8,110744.881,2022-07-01 08:00:00
1656720000000,41.8,43.4,40.7,42.8,51240.066,2022-07-02 08:00:00
1656806400000,42.9,43.5,41.4,42.7,43277.505,2022-07-03 08:00:00
1656892800000,42.7,44.7,41.5,44.3,67488.479,2022-07-04 08:00:00
1656979200000,44.4,44.9,41.8,43.1,73009.821,2022-07-05 08:00:00
1657065600000,43.1,44.8,42.4,44.3,53194.021,2022-07-06 08:00:00
1657152000000,44.2,46.4,43.6,46.0,62809.382,2022-07-07 08:00:00
1657238400000,46.1,47.4,44.9,45.8,66104.474,2022-07-08 08:00:00
1657324800000,45.8,48.2,45.8,47.9,43745.828,2022-07-09 08:00:00
1657411200000,47.8,47.9,44.6,45.2,43593.772,2022-07-10 08:00:00
1657497600000,45.1,45.2,41.3,41.6,76539.871,2022-07-11 08:00:00
1657584000000,41.5,42.3,39.7,39.8,97137.931,2022-07-12 08:00:00
1657670400000,39.9,42.6,39.3,42.4,95201.316,2022-07-13 08:00:00
1657756800000,42.5,44.0,40.6,43.7,71039.7,2022-07-14 08:00:00
1657843200000,43.7,44.8,43.0,43.3,71567.031,2022-07-15 08:00:00
1657929600000,43.3,45.1,42.1,44.9,66314.688,2022-07-16 08:00:00
1658016000000,44.9,47.1,44.1,46.0,100424.501,2022-07-17 08:00:00
1658102400000,46.0,50.0,45.9,48.9,140525.702,2022-07-18 08:00:00
1658188800000,48.8,50.9,47.3,50.1,128804.851,2022-07-19 08:00:00
1658275200000,50.1,50.9,46.7,47.1,100525.804,2022-07-20 08:00:00
1658361600000,47.2,48.5,45.4,48.2,83990.492,2022-07-21 08:00:00
1658448000000,48.2,51.0,47.6,48.3,100154.289,2022-07-22 08:00:00
1658534400000,48.3,50.3,46.6,47.7,72987.91,2022-07-23 08:00:00
1658620800000,47.6,50.1,47.6,48.9,59313.828,2022-07-24 08:00:00
1658707200000,48.9,49.4,44.9,44.9,71728.431,2022-07-25 08:00:00
1658793600000,44.9,45.1,42.4,44.1,70339.563,2022-07-26 08:00:00
1658880000000,44.0,48.2,42.9,48.1,113170.561,2022-07-27 08:00:00
1658966400000,48.1,53.8,47.6,52.4,149986.441,2022-07-28 08:00:00
1659052800000,52.5,54.7,49.9,50.6,118650.617,2022-07-29 08:00:00
1659139200000,50.7,53.5,50.1,50.7,90904.953,2022-07-30 08:00:00
1659225600000,50.8,53.9,50.3,51.1,93499.609,2022-07-31 08:00:00
1659312000000,51.1,52.5,48.5,49.6,100351.262,2022-08-01 08:00:00
1659398400000,49.6,50.3,47.0,48.5,109209.834,2022-08-02 08:00:00
1659484800000,48.5,50.5,47.0,48.8,58280.175,2022-08-03 08:00:00
1659571200000,48.7,50.5,48.4,49.3,63788.058,2022-08-04 08:00:00
1659657600000,49.3,52.4,49.3,52.3,79039.87,2022-08-05 08:00:00
1659744000000,52.3,53.5,51.7,52.5,54555.043,2022-08-06 08:00:00
1659830400000,52.5,54.7,51.7,53.3,66158.685,2022-08-07 08:00:00
1659916800000,53.3,56.3,53.2,56.2,93473.173,2022-08-08 08:00:00
1660003200000,56.2,58.6,52.2,52.9,146725.655,2022-08-09 08:00:00
1660089600000,52.9,55.2,50.9,54.5,128180.812,2022-08-10 08:00:00
1660176000000,54.6,57.2,54.5,55.6,83470.384,2022-08-11 08:00:00
1660262400000,55.6,56.5,54.0,56.1,61241.072,2022-08-12 08:00:00
1660348800000,56.2,57.7,55.5,57.0,66745.284,2022-08-13 08:00:00
1660435200000,57.0,58.1,54.4,55.0,60850.792,2022-08-14 08:00:00
1660521600000,55.0,56.9,52.2,53.2,74631.8,2022-08-15 08:00:00
1660608000000,53.2,53.6,51.9,52.5,11549.52,2022-08-16 08:00:00
